CL,Estimate,Combcd,,Avgp,ZW,ZW,1965,1,,27.3.d,-9,NotApplicable,,,101800,,HuC,Lan,,,,,SDN_DEF_70-89_0_0,AttAcoustic,ZWBFO,24-<40,,,20000,20000,NoDiff,40000,19,,,
CL,Estimate,Combcd,,Avgp,ZW,ZW,1965,1,,27.12.a.2,49D3,NotApplicable,,,1019159,,HuC,Lan,,,,,OTT_DWS_65-69_0_0,AttAcoustic,ZWUTA,Unknown,,,5000,5000,NoDiff,10000,17,,,
CL,Estimate,Combcd,,Avgp,ZW,ZW,1965,1,,27.7.b,36D9,NotApplicable,,,1015724,,HuC,Lan,,,,,LLS_SPF_0_0_0,AttAcoustic,ZWHWN,12-<15,,,35000,35000,NoDiff,70000,11,,,
CL,Estimate,Combcd,,Avgp,ZW,ZW,1965,1,,27.7.c,35D7,NotApplicable,,,101519,,HuC,Lan,,,,,OTT_MOL_>0_0_0,AttAcoustic,ZWMJW,8-<10,,,8000,8000,NoDiff,16000,21,,,
CL,Estimate,Combcd,,Avgp,ZW,ZW,1965,1,,27.8.c,15E5,NotApplicable,,,101167,,HuC,Lan,,,,,OTT_MCD_100-119_0_0,AttAcoustic,ZWWKI,Unknown,,,14000,14000,NoDiff,28000,8,,,
CL,Estimate,Combcd,,Avgp,ZW,ZW,1965,1,,27.7.k.2,30D5,NotApplicable,,,1015724,,HuC,Lan,,,,,OTM_DEF_100-119_0_0,AttAcoustic,ZWBZH,18-<24,,,40000,40000,NoDiff,80000,14,,,
CL,Estimate,Combcd,,Avgp,ZW,ZW,1965,1,,27.8.a,24E2,NotApplicable,,,101013,,HuC,Lan,,,,,LLS_MOL_0_0_0,AttAcoustic,ZWUTA,10-<12,,,32000,32000,NoDiff,64000,10,,,
CL,Estimate,Combcd,,Avgp,ZW,ZW,1965,1,,27.8.d.1,23E0,NotApplicable,,,101380,,HuC,Lan,,,,,PTM_SPF_115-120_3_115,AttAcoustic,ZWUTA,40<,,,50000,50000,NoDiff,100000,8,,,
CL,Estimate,Combcd,,Avgp,ZW,ZW,1965,1,,27.14.a,76D2,NotApplicable,,,10211,,HuC,Lan,,,,,SSC_DEF_90-99_1_300,AttAcoustic,ZWKAB,12-<15,,,15000,15000,NoDiff,30000,18,,,
CL,Estimate,Combcd,,Avgp,ZW,ZW,1965,1,,27.9.b.1,13D4,NotApplicable,,,10306,,HuC,Lan,,,,,OTB_DEF_65-69_0_0,AttAcoustic,ZWBFO,12-<15,,,33000,33000,NoDiff,66000,8,,,
CL,Estimate,Combcd,,Avgp,ZW,ZW,1965,1,,27.6,-9,NotApplicable,,,101013,,HuC,Lan,,,,,OTM_DEF_70-89_0_0,AttAcoustic,ZWVFA,24-<40,,,50000,50000,NoDiff,100000,6,,,
CL,Estimate,Combcd,,Avgp,ZW,ZW,1965,1,,27.3.a,-9,NotApplicable,,,10295,,HuC,Lan,,,,,PTM_SPF_70-89_0_0,AttAcoustic,ZWWKI,18-<24,,,6000,6000,NoDiff,12000,4,,,
CL,Estimate,Combcd,,Avgp,ZW,ZW,1965,1,,27.4.a,52E6,NotApplicable,,,100930,,HuC,Lan,,,,,GND_DEF_>=220_0_0,AttAcoustic,ZWMVZ,40<,,,40000,40000,NoDiff,80000,19,,,
CL,Estimate,Combcd,,Avgp,ZW,ZW,1965,1,,27.12.b,44D2,NotApplicable,,,101172,,HuC,Lan,,,,,FYK_DEF_>0_0_0,AttAcoustic,ZWKAB,<8,,,21000,21000,NoDiff,42000,16,,,
CL,Estimate,Combcd,,Avgp,ZW,ZW,1965,1,,27.12.a.2,49D2,NotApplicable,,,10216,,HuC,Lan,,,,,GND_CAT_100-119_0_0,AttAcoustic,ZWKAB,24-<40,,,31000,31000,NoDiff,62000,21,,,
CL,Estimate,Combcd,,Avgp,ZW,ZW,1965,1,,27.9.a,08E1,NotApplicable,,,101013,,HuC,Lan,,,,,OTB_DWS_100-119_4_35,AttAcoustic,ZWBZH,15-<18,,,37000,37000,NoDiff,74000,15,,,
CL,Estimate,Combcd,,Avgp,ZW,ZW,1965,1,,27.8.d.1,23E0,NotApplicable,,,100684,,HuC,Lan,,,,,PS_SPF_115-120_3_115,AttAcoustic,ZWWKI,8-<10,,,38000,38000,NoDiff,76000,15,,,
CL,Estimate,Combcd,,Avgp,ZW,ZW,1965,1,,27.1.b,84L2,NotApplicable,,,101,,HuC,Lan,,,,,GNS_LPF_10-30_0_0,AttAcoustic,ZWUTA,12-<15,,,19000,19000,NoDiff,38000,22,,,
CL,Estimate,Combcd,,Avgp,ZW,ZW,1965,1,,27.2.a.2,74E7,NotApplicable,,,10216,,HuC,Lan,,,,,GND_DEF_80-89_0_0,AttAcoustic,ZWBFO,18-<24,,,12000,12000,NoDiff,24000,16,,,
CL,Estimate,Combcd,,Avgp,ZW,ZW,1965,1,,27.12.c,27B5,NotApplicable,,,101519,,HuC,Lan,,,,,LTL_LPF_0_0_0,AttAcoustic,ZWVFA,15-<18,,,9000,9000,NoDiff,18000,16,,,
CL,Estimate,Combcd,,Avgp,ZW,ZW,1965,1,,27.5.a.1,-9,NotApplicable,,,101380,,HuC,Lan,,,,,PTB_CRU_55-64_0_0,AttAcoustic,ZWHRE,12-<15,,,11000,11000,NoDiff,22000,15,,,
CL,Estimate,Combcd,,Avgp,ZW,ZW,1965,1,,27.8.b,19E7,NotApplicable,,,10216,,HuC,Lan,,,,,GTR_CEP_120-219_0_0,AttAcoustic,ZWBFO,18-<24,,,21000,21000,NoDiff,42000,14,,,
CL,Estimate,Combcd,,Avgp,ZW,ZW,1965,1,,27.4.a,48F6,NotApplicable,,,100930,,HuC,Lan,,,,,GNS_DEF_10-30_0_0,AttAcoustic,ZWBUQ,Unknown,,,30000,30000,NoDiff,60000,13,,,
CL,Estimate,Combcd,,Avgp,ZW,ZW,1965,1,,27.3.d.27,44G7,NotApplicable,,,100930,,HuC,Lan,,,,,OTB_MCD_100-119_1_180,AttAcoustic,ZWUTA,Unknown,,,3000,3000,NoDiff,6000,18,,,
CL,Estimate,Combcd,,Avgp,ZW,ZW,1965,1,,27.12,-9,NotApplicable,,,101800,,HuC,Lan,,,,,LTL_LPF_0_0_0,AttAcoustic,ZWHWN,10-<12,,,6000,6000,NoDiff,12000,23,,,
CL,Estimate,Combcd,,Avgp,ZW,ZW,1965,1,,27.4.a,51E7,NotApplicable,,,101800,,HuC,Lan,,,,,SSC_DEF_65-69_0_0,AttAcoustic,ZWWKI,24-<40,,,19000,19000,NoDiff,38000,16,,,
CL,Estimate,Combcd,,Avgp,ZW,ZW,1965,1,,27.2.a,72E7,NotApplicable,,,101013,,HuC,Lan,,,,,MIS_ANA_0_0_0,AttAcoustic,ZWMJW,8-<10,,,8000,8000,NoDiff,16000,22,,,
CL,Estimate,Combcd,,Avgp,ZW,ZW,1965,1,,27.4.c,35F3,NotApplicable,,,101,,HuC,Lan,,,,,PTB_CRU_32-69_4_22,AttAcoustic,ZWHRE,24-<40,,,21000,21000,NoDiff,42000,8,,,
CL,Estimate,Combcd,,Avgp,ZW,ZW,1965,1,,27.8.c,17E3,NotApplicable,,,10295,,HuC,Lan,,,,,OTT_DEF_100-119_1_180,AttAcoustic,ZWMJW,40<,,,38000,38000,NoDiff,76000,17,,,
CL,Estimate,Combcd,,Avgp,ZW,ZW,1965,1,,27.4.b,41E7,NotApplicable,,,101170,,HuC,Lan,,,,,GNS_DWS_100-119_0_0,AttAcoustic,ZWVFA,8-<10,,,12000,12000,NoDiff,24000,4,,,
CL,Estimate,Combcd,,Avgp,ZW,ZW,1965,1,,27.14,-9,NotApplicable,,,10193,,HuC,Lan,,,,,LN_SPF_0_0_0,AttAcoustic,ZWMJW,8-<10,,,13000,13000,NoDiff,26000,22,,,
CL,Estimate,Combcd,,Avgp,ZW,ZW,1965,1,,27.2.b.1,76F0,NotApplicable,,,10193,,HuC,Lan,,,,,OTB_MPD_32-39_0_0,AttAcoustic,ZWCHJ,10-<12,,,33000,33000,NoDiff,66000,22,,,
CL,Estimate,Combcd,,Avgp,ZW,ZW,1965,1,,27.5.b.1.b,54E4,NotApplicable,,,101380,,HuC,Lan,,,,,OTB_MCF_16-31_0_0,AttAcoustic,ZWMJW,<8,,,11000,11000,NoDiff,22000,10,,,
CL,Estimate,Combcd,,Avgp,ZW,ZW,1965,1,,27.7.c,37D2,NotApplicable,,,100684,,HuC,Lan,,,,,OTB_MCD_70-89_0_0,AttAcoustic,ZWHWN,15-<18,,,28000,28000,NoDiff,56000,12,,,
CL,Estimate,Combcd,,Avgp,ZW,ZW,1965,1,,27.8,-9,NotApplicable,,,101800,,HuC,Lan,,,,,PTB_DEF_100-119_1_300,AttAcoustic,ZWMVZ,10-<12,,,47000,47000,NoDiff,94000,20,,,
CL,Estimate,Combcd,,Avgp,ZW,ZW,1965,1,,27.3.d.30,51G7,NotApplicable,,,101800,,HuC,Lan,,,,,SDN_CEP_32-69_0_0,AttAcoustic,ZWVFA,Unknown,,,19000,19000,NoDiff,38000,7,,,
CL,Estimate,Combcd,,Avgp,ZW,ZW,1965,1,,27.12.a.2,49D2,NotApplicable,,,101167,,HuC,Lan,,,,,PTB_CRU_90-99_1_270,AttAcoustic,ZWWKI,24-<40,,,42000,42000,NoDiff,84000,22,,,
CL,Estimate,Combcd,,Avgp,ZW,ZW,1965,1,,27.7.c.2,35D4,NotApplicable,,,10306,,HuC,Lan,,,,,GTN_DEF_60-69_0_0,AttAcoustic,ZWKAB,15-<18,,,30000,30000,NoDiff,60000,23,,,
CL,Estimate,Combcd,,Avgp,ZW,ZW,1965,1,,27.2.b,85F8,NotApplicable,,,1015724,,HuC,Lan,,,,,GNS_ANA_110-156_0_0,AttAcoustic,ZWMJW,24-<40,,,1000,1000,NoDiff,2000,13,,,
CL,Estimate,Combcd,,Avgp,ZW,ZW,1965,1,,27.7.c.2,37D3,NotApplicable,,,10194,,HuC,Lan,,,,,PTB_CRU_32-69_2_22,AttAcoustic,ZWMVZ,18-<24,,,21000,21000,NoDiff,42000,16,,,
CL,Estimate,Combcd,,Avgp,ZW,ZW,1965,1,,27.7.a,36E5,NotApplicable,,,101013,,HuC,Lan,,,,,PTM_SPF_90-104_0_0,AttAcoustic,ZWMVZ,<8,,,31000,31000,NoDiff,62000,21,,,
CL,Estimate,Combcd,,Avgp,ZW,ZW,1965,1,,27.12.a.1,45B8,NotApplicable,,,101800,,HuC,Lan,,,,,PS_MPD_55-64_0_0,AttAcoustic,ZWMJW,Unknown,,,1000,1000,NoDiff,2000,7,,,
CL,Estimate,Combcd,,Avgp,ZW,ZW,1965,1,,27.3.d,-9,NotApplicable,,,10193,,HuC,Lan,,,,,GNS_CRU_120-219_0_0,AttAcoustic,ZWUTA,15-<18,,,17000,17000,NoDiff,34000,13,,,
CL,Estimate,Combcd,,Avgp,ZW,ZW,1965,1,,27,-9,NotApplicable,,,1019159,,HuC,Lan,,,,,LHM_LPF_0_0_0,AttAcoustic,ZWVFA,24-<40,,,21000,21000,NoDiff,42000,4,,,
CL,Estimate,Combcd,,Avgp,ZW,ZW,1965,1,,27.7.k.1,30D2,NotApplicable,,,10193,,HuC,Lan,,,,,GND_DEF_>0_0_0,AttAcoustic,ZWBUQ,Unknown,,,7000,7000,NoDiff,14000,15,,,
CL,Estimate,Combcd,,Avgp,ZW,ZW,1965,1,,27.9,-9,NotApplicable,,,1015724,,HuC,Lan,,,,,OTT_MCD_100-119_1_120,AttAcoustic,ZWMVZ,8-<10,,,34000,34000,NoDiff,68000,7,,,
CL,Estimate,Combcd,,Avgp,ZW,ZW,1965,1,,27.8.e.1,22D4,NotApplicable,,,101170,,HuC,Lan,,,,,LLS_ANA_0_0_0,AttAcoustic,ZWKAB,8-<10,,,28000,28000,NoDiff,56000,14,,,
CL,Estimate,Combcd,,Avgp,ZW,ZW,1965,1,,27.3.d,-9,NotApplicable,,,100684,,HuC,Lan,,,,,OTB_SPF_>=120_3_120,AttAcoustic,ZWHWN,8-<10,,,12000,12000,NoDiff,24000,6,,,
CL,Estimate,Combcd,,Avgp,ZW,ZW,1965,1,,27.6.b.2,44D5,NotApplicable,,,10211,,HuC,Lan,,,,,PTB_DEF_105-115_1_120,AttAcoustic,ZWWKI,12-<15,,,5000,5000,NoDiff,10000,17,,,
CL,Estimate,Combcd,,Avgp,ZW,ZW,1965,1,,27.12.a.3,45B2,NotApplicable,,,1015724,,HuC,Lan,,,,,GTN_DEF_60-69_0_0,AttAcoustic,ZWGWE,<8,,,29000,29000,NoDiff,58000,11,,,
CL,Estimate,Combcd,,Avgp,ZW,ZW,1965,1,,27.3.c.22,38F9,NotApplicable,,,101170,,HuC,Lan,,,,,GNS_SPF_120-219_0_0,AttAcoustic,ZWBUQ,40<,,,33000,33000,NoDiff,66000,6,,,
CL,Estimate,Combcd,,Avgp,ZW,ZW,1965,1,,27.2.a.2,69G2,NotApplicable,,,100684,,HuC,Lan,,,,,PTB_CRU_90-99_0_0,AttAcoustic,ZWBUQ,18-<24,,,13000,13000,NoDiff,26000,20,,,
CL,Estimate,Combcd,,Avgp,ZW,ZW,1965,1,,27.1,-9,NotApplicable,,,10306,,HuC,Lan,,,,,LHM_MOL_0_0_0,AttAcoustic,ZWKAB,10-<12,,,21000,21000,NoDiff,42000,9,,,
CL,Estimate,Combcd,,Avgp,ZW,ZW,1965,1,,27.7.k,28D2,NotApplicable,,,10194,,HuC,Lan,,,,,LLD_FIF_0_0_0,AttAcoustic,ZWBZH,12-<15,,,44000,44000,NoDiff,88000,4,,,
CL,Estimate,Combcd,,Avgp,ZW,ZW,1965,1,,27.8.d,18E5,NotApplicable,,,101172,,HuC,Lan,,,,,MIS_CAT_0_0_0,AttAcoustic,ZWCHJ,10-<12,,,48000,48000,NoDiff,96000,10,,,
CL,Estimate,Combcd,,Avgp,ZW,ZW,1965,1,,27.5.a.2,58C7,NotApplicable,,,10306,,HuC,Lan,,,,,OTT_MCD_90-99_1_270,AttAcoustic,ZWBUQ,Unknown,,,10000,10000,NoDiff,20000,4,,,
CL,Estimate,Combcd,,Avgp,ZW,ZW,1965,1,,27.7.b,34E1,NotApplicable,,,101800,,HuC,Lan,,,,,GND_CAT_80-89_0_0,AttAcoustic,ZWHRE,<8,,,48000,48000,NoDiff,96000,18,,,
CL,Estimate,Combcd,,Avgp,ZW,ZW,1965,1,,27.8.d.2,18E1,NotApplicable,,,100930,,HuC,Lan,,,,,GTR_DEF_50-70_0_0,AttAcoustic,ZWMVZ,8-<10,,,6000,6000,NoDiff,12000,5,,,
CL,Estimate,Combcd,,Avgp,ZW,ZW,1965,1,,27.3.d,-9,NotApplicable,,,1019159,,HuC,Lan,,,,,PTB_CRU_100-119_1_140,AttAcoustic,ZWBUQ,40<,,,11000,11000,NoDiff,22000,15,,,
CL,Estimate,Combcd,,Avgp,ZW,ZW,1965,1,,27.6.b.1,39D2,NotApplicable,,,1015724,,HuC,Lan,,,,,PTB_CRU_90-99_1_300,AttAcoustic,ZWCHJ,24-<40,,,29000,29000,NoDiff,58000,14,,,
CL,Estimate,Combcd,,Avgp,ZW,ZW,1965,1,,27.7.c.1,36D4,NotApplicable,,,101167,,HuC,Lan,,,,,GTR_CEP_50-59_0_0,AttAcoustic,ZWHWN,Unknown,,,42000,42000,NoDiff,84000,7,,,
CL,Estimate,Combcd,,Avgp,ZW,ZW,1965,1,,27.3.d.26,38H1,NotApplicable,,,100684,,HuC,Lan,,,,,GNS_CRU_60-69_0_0,AttAcoustic,ZWVFA,24-<40,,,10000,10000,NoDiff,20000,12,,,
CL,Estimate,Combcd,,Avgp,ZW,ZW,1965,1,,27.7.j.2,25D9,NotApplicable,,,100930,,HuC,Lan,,,,,SSC_DEF_90-99_1_270,AttAcoustic,ZWBFO,10-<12,,,7000,7000,NoDiff,14000,9,,,
CL,Estimate,Combcd,,Avgp,ZW,ZW,1965,1,,27.14.b,57B6,NotApplicable,,,101170,,HuC,Lan,,,,,TBB_CEP_>=120_0_0,AttAcoustic,ZWHWN,15-<18,,,12000,12000,NoDiff,24000,11,,,
CL,Estimate,Combcd,,Avgp,ZW,ZW,1965,1,,27.3.d.28,-9,NotApplicable,,,101,,HuC,Lan,,,,,OTB_DEF_100-119_4_35,AttAcoustic,ZWMJW,12-<15,,,10000,10000,NoDiff,20000,21,,,
CL,Estimate,Combcd,,Avgp,ZW,ZW,1965,1,,27.6.a,47E3,NotApplicable,,,101380,,HuC,Lan,,,,,OTB_CRU_40-54_0_0,AttAcoustic,ZWHRE,24-<40,,,20000,20000,NoDiff,40000,23,,,
CL,Estimate,Combcd,,Avgp,ZW,ZW,1965,1,,27.5.b.2,50E2,NotApplicable,,,101170,,HuC,Lan,,,,,PS_SPF_32-39_0_0,AttAcoustic,ZWVFA,12-<15,,,50000,50000,NoDiff,100000,19,,,
CL,Estimate,Combcd,,Avgp,ZW,ZW,1965,1,,27.7.j.2,30D8,NotApplicable,,,101,,HuC,Lan,,,,,PS_SPF_>=120_0_0,AttAcoustic,ZWMJW,18-<24,,,9000,9000,NoDiff,18000,10,,,
CL,Estimate,Combcd,,Avgp,ZW,ZW,1965,1,,27.8.b,18E7,NotApplicable,,,101170,,HuC,Lan,,,,,GNS_LPF_80-89_0_0,AttAcoustic,ZWMJW,10-<12,,,38000,38000,NoDiff,76000,7,,,
CL,Estimate,Combcd,,Avgp,ZW,ZW,1965,1,,27.7.k.1,26D5,NotApplicable,,,10295,,HuC,Lan,,,,,PTM_SPF_90-99_0_0,AttAcoustic,ZWKAB,Unknown,,,48000,48000,NoDiff,96000,17,,,
CL,Estimate,Combcd,,Avgp,ZW,ZW,1965,1,,27.10.a.1,05B3,NotApplicable,,,101,,HuC,Lan,,,,,TBB_CEP_100-119_0_0,AttAcoustic,ZWMJW,Unknown,,,15000,15000,NoDiff,30000,17,,,
CL,Estimate,Combcd,,Avgp,ZW,ZW,1965,1,,27.3.d.26,39G8,NotApplicable,,,100930,,HuC,Lan,,,,,LHM_DWS_0_0_0,AttAcoustic,ZWMJW,12-<15,,,37000,37000,NoDiff,74000,6,,,
CL,Estimate,Combcd,,Avgp,ZW,ZW,1965,1,,27.7.j,29D8,NotApplicable,,,101172,,HuC,Lan,,,,,OTB_MCD_65-69_0_0,AttAcoustic,ZWMVZ,40<,,,13000,13000,NoDiff,26000,21,,,
CL,Estimate,Combcd,,Avgp,ZW,ZW,1965,1,,27.7.a,34E6,NotApplicable,,,101167,,HuC,Lan,,,,,GNS_DWS_80-89_0_0,AttAcoustic,ZWBFO,15-<18,,,17000,17000,NoDiff,34000,22,,,
CL,Estimate,Combcd,,Avgp,ZW,ZW,1965,1,,27.8.a,22E7,NotApplicable,,,1015724,,HuC,Lan,,,,,PTM_SPF_90-99_0_0,AttAcoustic,ZWMVZ,<8,,,27000,27000,NoDiff,54000,11,,,
CL,Estimate,Combcd,,Avgp,ZW,ZW,1965,1,,27.10.a.1,09D1,NotApplicable,,,100930,,HuC,Lan,,,,,TBB_CEP_40-54_0_0,AttAcoustic,ZWBZH,24-<40,,,35000,35000,NoDiff,70000,9,,,
CL,Estimate,Combcd,,Avgp,ZW,ZW,1965,1,,27.12.a.4,52D4,NotApplicable,,,10306,,HuC,Lan,,,,,OTM_DEF_<14_0_0,AttAcoustic,ZWKAB,24-<40,,,43000,43000,NoDiff,86000,7,,,
CL,Estimate,Combcd,,Avgp,ZW,ZW,1965,1,,27.7.b,37D9,NotApplicable,,,101519,,HuC,Lan,,,,,OTB_DEF_32-69_0_0,AttAcoustic,ZWKAB,24-<40,,,15000,15000,NoDiff,30000,11,,,
CL,Estimate,Combcd,,Avgp,ZW,ZW,1965,1,,27.5.b.1.a,49D6,NotApplicable,,,1015724,,HuC,Lan,,,,,GTR_CEP_>0_0_0,AttAcoustic,ZWGWE,10-<12,,,29000,29000,NoDiff,58000,5,,,
CL,Estimate,Combcd,,Avgp,ZW,ZW,1965,1,,27.3.d.28.1,44H2,NotApplicable,,,10216,,HuC,Lan,,,,,GNS_DWS_40-49_0_0,AttAcoustic,ZWKAB,24-<40,,,23000,23000,NoDiff,46000,6,,,
CL,Estimate,Combcd,,Avgp,ZW,ZW,1965,1,,27.5,-9,NotApplicable,,,10211,,HuC,Lan,,,,,OTT_DEF_100-119_4_35,AttAcoustic,ZWCHJ,8-<10,,,39000,39000,NoDiff,78000,10,,,
CL,Estimate,Combcd,,Avgp,ZW,ZW,1965,1,,27.4,-9,NotApplicable,,,101,,HuC,Lan,,,,,OTB_DEF_100-119_4_35,AttAcoustic,ZWKAB,Unknown,,,41000,41000,NoDiff,82000,10,,,
CL,Estimate,Combcd,,Avgp,ZW,ZW,1965,1,,27.7.b,34D8,NotApplicable,,,101170,,HuC,Lan,,,,,OTM_DEF_100-119_0_0,AttAcoustic,ZWBFO,40<,,,20000,20000,NoDiff,40000,12,,,
CL,Estimate,Combcd,,Avgp,ZW,ZW,1965,1,,27.10.a,08D1,NotApplicable,,,101519,,HuC,Lan,,,,,TBB_MCD_100-119_0_0,AttAcoustic,ZWCHJ,8-<10,,,7000,7000,NoDiff,14000,21,,,
CL,Estimate,Combcd,,Avgp,ZW,ZW,1965,1,,27.14,-9,NotApplicable,,,101013,,HuC,Lan,,,,,PTB_SPF_32-89_0_0,AttAcoustic,ZWKAB,Unknown,,,29000,29000,NoDiff,58000,13,,,
CL,Estimate,Combcd,,Avgp,ZW,ZW,1965,1,,27.5.b.1.a,50D6,NotApplicable,,,100684,,HuC,Lan,,,,,GNS_SPF_90-99_0_0,AttAcoustic,ZWCHJ,18-<24,,,3000,3000,NoDiff,6000,9,,,
CL,Estimate,Combcd,,Avgp,ZW,ZW,1965,1,,27.7.e,26E5,NotApplicable,,,10216,,HuC,Lan,,,,,SDN_DEF_115-120_3_115,AttAcoustic,ZWHRE,12-<15,,,14000,14000,NoDiff,28000,5,,,
CL,Estimate,Combcd,,Avgp,ZW,ZW,1965,1,,27.4.c,35F5,NotApplicable,,,10295,,HuC,Lan,,,,,PTB_DEF_>0_0_0,AttAcoustic,ZWKAB,15-<18,,,21000,21000,NoDiff,42000,23,,,
CL,Estimate,Combcd,,Avgp,ZW,ZW,1965,1,,27.9.b,02D7,NotApplicable,,,1015724,,HuC,Lan,,,,,TBB_MOL_100-119_0_0,AttAcoustic,ZWBZH,15-<18,,,39000,39000,NoDiff,78000,20,,,
CL,Estimate,Combcd,,Avgp,ZW,ZW,1965,1,,27.7.e,25E5,NotApplicable,,,101170,,HuC,Lan,,,,,GTR_CRU_90-99_0_0,AttAcoustic,ZWWKI,12-<15,,,49000,49000,NoDiff,98000,6,,,
CL,Estimate,Combcd,,Avgp,ZW,ZW,1965,1,,27.8.d.1,22D9,NotApplicable,,,101167,,HuC,Lan,,,,,SDN_SPF_16-31_0_0,AttAcoustic,ZWHWN,Unknown,,,13000,13000,NoDiff,26000,15,,,
CL,Estimate,Combcd,,Avgp,ZW,ZW,1965,1,,27.8.d.2,19E4,NotApplicable,,,101167,,HuC,Lan,,,,,SDN_SPF_55-64_0_0,AttAcoustic,ZWGWE,40<,,,22000,22000,NoDiff,44000,20,,,
CL,Estimate,Combcd,,Avgp,ZW,ZW,1965,1,,27.11,-9,NotApplicable,,,1015724,,HuC,Lan,,,,,OTT_CRU_100-119_1_180,AttAcoustic,ZWKAB,15-<18,,,24000,24000,NoDiff,48000,9,,,
CL,Estimate,Combcd,,Avgp,ZW,ZW,1965,1,,27.10.a.1,08D1,NotApplicable,,,101798,,HuC,Lan,,,,,LLS_DWS_0_0_0,AttAcoustic,ZWWKI,18-<24,,,28000,28000,NoDiff,56000,6,,,
CL,Estimate,Combcd,,Avgp,ZW,ZW,1965,1,,27.5.b.1.a,50D6,NotApplicable,,,10194,,HuC,Lan,,,,,OTM_CEP_<16_0_0,AttAcoustic,ZWBUQ,<8,,,48000,48000,NoDiff,96000,23,,,
CL,Estimate,Combcd,,Avgp,ZW,ZW,1965,1,,27.10.a.1,05D1,NotApplicable,,,101167,,HuC,Lan,,,,,PTB_CRU_40-54_0_0,AttAcoustic,ZWGWE,8-<10,,,29000,29000,NoDiff,58000,13,,,
CL,Estimate,Combcd,,Avgp,ZW,ZW,1965,1,,27.6.b.1,39D2,NotApplicable,,,10194,,HuC,Lan,,,,,OTB_MCD_100-119_1_180,AttAcoustic,ZWMJW,40<,,,48000,48000,NoDiff,96000,20,,,
CL,Estimate,Combcd,,Avgp,ZW,ZW,1965,1,,27.14,-9,NotApplicable,,,101798,,HuC,Lan,,,,,OTB_MCF_55-64_0_0,AttAcoustic,ZWBUQ,8-<10,,,12000,12000,NoDiff,24000,12,,,
CL,Estimate,Combcd,,Avgp,ZW,ZW,1965,1,,27.3.a.20,45G1,NotApplicable,,,101170,,HuC,Lan,,,,,OTB_DWS_90-99_0_0,AttAcoustic,ZWKAB,15-<18,,,30000,30000,NoDiff,60000,4,,,
CL,Estimate,Combcd,,Avgp,ZW,ZW,1965,1,,27.7.c.2,37D4,NotApplicable,,,100930,,HuC,Lan,,,,,OTB_SPF_90-104_0_0,AttAcoustic,ZWGWE,8-<10,,,4000,4000,NoDiff,8000,19,,,
CL,Estimate,Combcd,,Avgp,ZW,ZW,1965,1,,27.3.d.28,-9,NotApplicable,,,10193,,HuC,Lan,,,,,SDN_DEF_90-99_1_300,AttAcoustic,ZWBUQ,24-<40,,,5000,5000,NoDiff,10000,5,,,
CL,Estimate,Combcd,,Avgp,ZW,ZW,1965,1,,27.8.e,16D2,NotApplicable,,,10295,,HuC,Lan,,,,,TBB_MCD_90-99_0_0,AttAcoustic,ZWCHJ,40<,,,15000,15000,NoDiff,30000,22,,,
CL,Estimate,Combcd,,Avgp,ZW,ZW,1965,1,,27.2,-9,NotApplicable,,,1015724,,HuC,Lan,,,,,OTB_CRU_100-119_1_270,AttAcoustic,ZWMJW,12-<15,,,12000,12000,NoDiff,24000,13,,,
CL,Estimate,Combcd,,Avgp,ZW,ZW,1965,1,,27.8.b,18E9,NotApplicable,,,101013,,HuC,Lan,,,,,OTB_CRU_32-69_2_22,AttAcoustic,ZWHRE,12-<15,,,38000,38000,NoDiff,76000,17,,,
CL,Estimate,Combcd,,Avgp,ZW,ZW,1965,1,,27.3.d.28,-9,NotApplicable,,,101,,HuC,Lan,,,,,GNS_CRU_>0_0_0,AttAcoustic,ZWVFA,40<,,,27000,27000,NoDiff,54000,22,,,
CL,Estimate,Combcd,,Avgp,ZW,ZW,1965,1,,27.8.d,19E0,NotApplicable,,,101380,,HuC,Lan,,,,,PTB_CRU_90-99_1_300,AttAcoustic,ZWGWE,<8,,,43000,43000,NoDiff,86000,12,,,
CL,Estimate,Combcd,,Avgp,ZW,ZW,1965,1,,27.12.c,26B1,NotApplicable,,,100684,,HuC,Lan,,,,,OTT_MCD_100-119_1_120,AttAcoustic,ZWWKI,15-<18,,,48000,48000,NoDiff,96000,20,,,
CL,Estimate,Combcd,,Avgp,ZW,ZW,1965,1,,27.5.b.1.b,52E1,NotApplicable,,,101798,,HuC,Lan,,,,,GNS_DWS_70-79_0_0,AttAcoustic,ZWKAB,Unknown,,,14000,14000,NoDiff,28000,16,,,
CL,Estimate,Combcd,,Avgp,ZW,ZW,1965,1,,27.14.b,60B6,NotApplicable,,,10306,,HuC,Lan,,,,,OTM_DEF_32-89_0_0,AttAcoustic,ZWHWN,18-<24,,,42000,42000,NoDiff,84000,8,,,
CL,Estimate,Combcd,,Avgp,ZW,ZW,1965,1,,27.7.h,25E3,NotApplicable,,,10211,,HuC,Lan,,,,,OTB_SPF_105-115_1_120,AttAcoustic,ZWWKI,24-<40,,,2000,2000,NoDiff,4000,23,,,
CL,Estimate,Combcd,,Avgp,ZW,ZW,1965,1,,27.5.b.1,-9,NotApplicable,,,10306,,HuC,Lan,,,,,FPN_CRU_>0_0_0,AttAcoustic,ZWVFA,12-<15,,,50000,50000,NoDiff,100000,9,,,
CL,Estimate,Combcd,,Avgp,ZW,ZW,1965,1,,27.4,-9,NotApplicable,,,101172,,HuC,Lan,,,,,PTB_SPF_70-89_0_0,AttAcoustic,ZWWKI,40<,,,27000,27000,NoDiff,54000,20,,,
CL,Estimate,Combcd,,Avgp,ZW,ZW,1965,1,,27.2.a,67G3,NotApplicable,,,101519,,HuC,Lan,,,,,TBB_MCD_70-89_0_0,AttAcoustic,ZWUTA,24-<40,,,41000,41000,NoDiff,82000,7,,,
CL,Estimate,Combcd,,Avgp,ZW,ZW,1965,1,,27.8.a,24E4,NotApplicable,,,101380,,HuC,Lan,,,,,GNS_DWS_31-39_0_0,AttAcoustic,ZWHWN,10-<12,,,13000,13000,NoDiff,26000,21,,,
CL,Estimate,Combcd,,Avgp,ZW,ZW,1965,1,,27.8.d.2,24E1,NotApplicable,,,10194,,HuC,Lan,,,,,OTM_MPD_14-19_0_0,AttAcoustic,ZWVFA,8-<10,,,46000,46000,NoDiff,92000,9,,,
CL,Estimate,Combcd,,Avgp,ZW,ZW,1965,1,,27.1,-9,NotApplicable,,,10194,,HuC,Lan,,,,,OTM_SPF_70-119_0_0,AttAcoustic,ZWKAB,15-<18,,,17000,17000,NoDiff,34000,21,,,
CL,Estimate,Combcd,,Avgp,ZW,ZW,1965,1,,27.9.b.1,11D3,NotApplicable,,,10216,,HuC,Lan,,,,,GTR_DEF_50-70_0_0,AttAcoustic,ZWVFA,8-<10,,,46000,46000,NoDiff,92000,16,,,
CL,Estimate,Combcd,,Avgp,ZW,ZW,1965,1,,27.10.b,22C1,NotApplicable,,,101798,,HuC,Lan,,,,,OTT_MOL_32-39_0_0,AttAcoustic,ZWHRE,18-<24,,,20000,20000,NoDiff,40000,16,,,
CL,Estimate,Combcd,,Avgp,ZW,ZW,1965,1,,27.10.a.2,14B7,NotApplicable,,,101170,,HuC,Lan,,,,,SSC_DEF_65-69_0_0,AttAcoustic,ZWWKI,10-<12,,,50000,50000,NoDiff,100000,8,,,
CL,Estimate,Combcd,,Avgp,ZW,ZW,1965,1,,27.9.b.2,05D6,NotApplicable,,,101170,,HuC,Lan,,,,,PTB_DEF_90-99_1_120,AttAcoustic,ZWUTA,10-<12,,,39000,39000,NoDiff,78000,4,,,
CL,Estimate,Combcd,,Avgp,ZW,ZW,1965,1,,27.7.j,32D9,NotApplicable,,,101519,,HuC,Lan,,,,,SSC_DEF_90-99_1_300,AttAcoustic,ZWGWE,<8,,,32000,32000,NoDiff,64000,18,,,
CL,Estimate,Combcd,,Avgp,ZW,ZW,1965,1,,27.9,-9,NotApplicable,,,10216,,HuC,Lan,,,,,PTM_DEF_32-69_0_0,AttAcoustic,ZWWKI,24-<40,,,33000,33000,NoDiff,66000,13,,,
CL,Estimate,Combcd,,Avgp,ZW,ZW,1965,1,,27.3.d.24,36G3,NotApplicable,,,101380,,HuC,Lan,,,,,GTN_DEF_50-59_0_0,AttAcoustic,ZWUTA,24-<40,,,41000,41000,NoDiff,82000,6,,,
CL,Estimate,Combcd,,Avgp,ZW,ZW,1965,1,,27.3.d.28.1,44H3,NotApplicable,,,101380,,HuC,Lan,,,,,OTT_DEF_<16_0_0,AttAcoustic,ZWBZH,18-<24,,,15000,15000,NoDiff,30000,22,,,
CL,Estimate,Combcd,,Avgp,ZW,ZW,1965,1,,27.8.c,17E7,NotApplicable,,,10211,,HuC,Lan,,,,,PTB_DEF_32-69_0_0,AttAcoustic,ZWKAB,12-<15,,,13000,13000,NoDiff,26000,5,,,
CL,Estimate,Combcd,,Avgp,ZW,ZW,1965,1,,27.8.d.1,24D9,NotApplicable,,,101,,HuC,Lan,,,,,FPO_ANA_>0_0_0,AttAcoustic,ZWUTA,10-<12,,,6000,6000,NoDiff,12000,11,,,
CL,Estimate,Combcd,,Avgp,ZW,ZW,1965,1,,27.8.e.2,15D8,NotApplicable,,,101013,,HuC,Lan,,,,,SDN_DEF_105-115_1_110,AttAcoustic,ZWMVZ,18-<24,,,31000,31000,NoDiff,62000,15,,,
CL,Estimate,Combcd,,Avgp,ZW,ZW,1965,1,,27.5.b.1,-9,NotApplicable,,,101380,,HuC,Lan,,,,,LHM_DWS_0_0_0,AttAcoustic,ZWHWN,<8,,,14000,14000,NoDiff,28000,20,,,
CL,Estimate,Combcd,,Avgp,ZW,ZW,1965,1,,27.2.a.2,69H2,NotApplicable,,,101798,,HuC,Lan,,,,,GTR_CAT_>0_0_0,AttAcoustic,ZWMVZ,24-<40,,,38000,38000,NoDiff,76000,23,,,
CL,Estimate,Combcd,,Avgp,ZW,ZW,1965,1,,27.3.c.22,39G0,NotApplicable,,,101172,,HuC,Lan,,,,,OTT_MCD_100-119_1_140,AttAcoustic,ZWHRE,10-<12,,,46000,46000,NoDiff,92000,13,,,
CL,Estimate,Combcd,,Avgp,ZW,ZW,1965,1,,27.7.c.2,34D4,NotApplicable,,,10194,,HuC,Lan,,,,,OTT_MOL_65-69_0_0,AttAcoustic,ZWCHJ,15-<18,,,32000,32000,NoDiff,64000,20,,,
CL,Estimate,Combcd,,Avgp,ZW,ZW,1965,1,,27.3.d.28.2,42H0,NotApplicable,,,1015724,,HuC,Lan,,,,,GTR_CEP_50-59_0_0,AttAcoustic,ZWBUQ,18-<24,,,14000,14000,NoDiff,28000,11,,,
CL,Estimate,Combcd,,Avgp,ZW,ZW,1965,1,,27.7.h,25E3,NotApplicable,,,1019159,,HuC,Lan,,,,,PS_SPF_40-54_0_0,AttAcoustic,ZWMJW,12-<15,,,6000,6000,NoDiff,12000,11,,,
CL,Estimate,Combcd,,Avgp,ZW,ZW,1965,1,,27.12.a.3,46B3,NotApplicable,,,10306,,HuC,Lan,,,,,GTR_SPF_90-109_0_0,AttAcoustic,ZWBUQ,<8,,,13000,13000,NoDiff,26000,10,,,
CL,Estimate,Combcd,,Avgp,ZW,ZW,1965,1,,27.6,-9,NotApplicable,,,1015724,,HuC,Lan,,,,,GNS_DEF_32-89_0_0,AttAcoustic,ZWHWN,15-<18,,,3000,3000,NoDiff,6000,5,,,
CL,Estimate,Combcd,,Avgp,ZW,ZW,1965,1,,27.1.a,78J7,NotApplicable,,,101519,,HuC,Lan,,,,,OTM_SPF_>=20_0_0,AttAcoustic,ZWKAB,Unknown,,,2000,2000,NoDiff,4000,8,,,
CL,Estimate,Combcd,,Avgp,ZW,ZW,1965,1,,27.7.j.2,31D9,NotApplicable,,,10306,,HuC,Lan,,,,,GND_ANA_10-30_0_0,AttAcoustic,ZWBZH,24-<40,,,9000,9000,NoDiff,18000,19,,,
CL,Estimate,Combcd,,Avgp,ZW,ZW,1965,1,,27.10.a.1,13A2,NotApplicable,,,101172,,HuC,Lan,,,,,OTM_LPF_70-99_0_0,AttAcoustic,ZWWKI,24-<40,,,16000,16000,NoDiff,32000,18,,,
CL,Estimate,Combcd,,Avgp,ZW,ZW,1965,1,,27.8.d,19E0,NotApplicable,,,101167,,HuC,Lan,,,,,LH_LPF_0_0_0,AttAcoustic,ZWHRE,18-<24,,,20000,20000,NoDiff,40000,16,,,
CL,Estimate,Combcd,,Avgp,ZW,ZW,1965,1,,27.5.b,54D6,NotApplicable,,,101798,,HuC,Lan,,,,,TBB_CRU_16-31_0_0,AttAcoustic,ZWMJW,8-<10,,,25000,25000,NoDiff,50000,17,,,
CL,Estimate,Combcd,,Avgp,ZW,ZW,1965,1,,27.10.b,21B5,NotApplicable,,,101013,,HuC,Lan,,,,,LLD_DWF_0_0_0,AttAcoustic,ZWHRE,18-<24,,,43000,43000,NoDiff,86000,23,,,
CL,Estimate,Combcd,,Avgp,ZW,ZW,1965,1,,27.14.b,54A0,NotApplicable,,,100684,,HuC,Lan,,,,,OTB_DWS_65-69_0_0,AttAcoustic,ZWMVZ,24-<40,,,41000,41000,NoDiff,82000,17,,,
CL,Estimate,Combcd,,Avgp,ZW,ZW,1965,1,,27.6.b,38D2,NotApplicable,,,10211,,HuC,Lan,,,,,TBB_MCD_100-119_0_0,AttAcoustic,ZWVFA,8-<10,,,13000,13000,NoDiff,26000,9,,,
CL,Estimate,Combcd,,Avgp,ZW,ZW,1965,1,,27.9.b.2,11D6,NotApplicable,,,10211,,HuC,Lan,,,,,PTB_CRU_32-39_0_0,AttAcoustic,ZWGWE,40<,,,30000,30000,NoDiff,60000,5,,,
CL,Estimate,Combcd,,Avgp,ZW,ZW,1965,1,,27.7.c.2,36D7,NotApplicable,,,10194,,HuC,Lan,,,,,DRB_MOL_>0_0_0,AttAcoustic,ZWMJW,10-<12,,,14000,14000,NoDiff,28000,12,,,
CL,Estimate,Combcd,,Avgp,ZW,ZW,1965,1,,27.10.a.2,12B8,NotApplicable,,,10211,,HuC,Lan,,,,,GNS_CRU_50-70_0_0,AttAcoustic,ZWVFA,8-<10,,,32000,32000,NoDiff,64000,6,,,
CL,Estimate,Combcd,,Avgp,ZW,ZW,1965,1,,27.7,-9,NotApplicable,,,10216,,HuC,Lan,,,,,TBB_CRU_>0_0_0,AttAcoustic,ZWCHJ,8-<10,,,40000,40000,NoDiff,80000,8,,,
CL,Estimate,Combcd,,Avgp,ZW,ZW,1965,1,,27.3.d.26,39H0,NotApplicable,,,101800,,HuC,Lan,,,,,SDN_DEF_100-119_1_270,AttAcoustic,ZWVFA,40<,,,50000,50000,NoDiff,100000,14,,,
CL,Estimate,Combcd,,Avgp,ZW,ZW,1965,1,,27.1.a,79K1,NotApplicable,,,101170,,HuC,Lan,,,,,OTB_MCD_40-54_0_0,AttAcoustic,ZWUTA,Unknown,,,18000,18000,NoDiff,36000,5,,,
CL,Estimate,Combcd,,Avgp,ZW,ZW,1965,1,,27.7.a,35E4,NotApplicable,,,100930,,HuC,Lan,,,,,TBB_DEF_65-69_0_0,AttAcoustic,ZWBZH,12-<15,,,5000,5000,NoDiff,10000,11,,,
CL,Estimate,Combcd,,Avgp,ZW,ZW,1965,1,,27.6.b.2,40D6,NotApplicable,,,101172,,HuC,Lan,,,,,PS_LPF_>=14_0_0,AttAcoustic,ZWGWE,12-<15,,,2000,2000,NoDiff,4000,8,,,
CL,Estimate,Combcd,,Avgp,ZW,ZW,1965,1,,27.13,-9,NotApplicable,,,101174,,HuC,Lan,,,,,GTR_DEF_>=157_0_0,AttAcoustic,ZWMVZ,15-<18,,,3000,3000,NoDiff,6000,16,,,
CL,Estimate,Combcd,,Avgp,ZW,ZW,1965,1,,27.14.b.2,51B3,NotApplicable,,,101,,HuC,Lan,,,,,GTR_DEF_31-39_0_0,AttAcoustic,ZWGWE,10-<12,,,31000,31000,NoDiff,62000,5,,,
CL,Estimate,Combcd,,Avgp,ZW,ZW,1965,1,,27.5.a.1,53C4,NotApplicable,,,10194,,HuC,Lan,,,,,PTM_LPF_70-89_0_0,AttAcoustic,ZWMVZ,18-<24,,,5000,5000,NoDiff,10000,21,,,
CL,Estimate,Combcd,,Avgp,ZW,ZW,1965,1,,27.2,-9,NotApplicable,,,101380,,HuC,Lan,,,,,OTT_DEF_105-115_1_120,AttAcoustic,ZWBZH,40<,,,2000,2000,NoDiff,4000,18,,,
CL,Estimate,Combcd,,Avgp,ZW,ZW,1965,1,,27.10.a,07C8,NotApplicable,,,101167,,HuC,Lan,,,,,PTM_SPF_<14_0_0,AttAcoustic,ZWMVZ,10-<12,,,46000,46000,NoDiff,92000,7,,,
CL,Estimate,Combcd,,Avgp,ZW,ZW,1965,1,,27.5.a,56D2,NotApplicable,,,101167,,HuC,Lan,,,,,GND_ANA_120-219_0_0,AttAcoustic,ZWHRE,24-<40,,,18000,18000,NoDiff,36000,23,,,
CL,Estimate,Combcd,,Avgp,ZW,ZW,1965,1,,27.3.d.27,45G7,NotApplicable,,,10193,,HuC,Lan,,,,,TBB_MCD_70-99_0_0,AttAcoustic,ZWHWN,24-<40,,,46000,46000,NoDiff,92000,17,,,
CL,Estimate,Combcd,,Avgp,ZW,ZW,1965,1,,27.7.j.1,25D9,NotApplicable,,,10306,,HuC,Lan,,,,,GTR_MOL_<16_0_0,AttAcoustic,ZWGWE,8-<10,,,39000,39000,NoDiff,78000,19,,,
CL,Estimate,Combcd,,Avgp,ZW,ZW,1965,1,,27.7.j.2,-9,NotApplicable,,,100930,,HuC,Lan,,,,,OTB_MCD_>=120_0_0,AttAcoustic,ZWBFO,12-<15,,,18000,18000,NoDiff,36000,20,,,
CL,Estimate,Combcd,,Avgp,ZW,ZW,1965,1,,27.3.a.21,40G2,NotApplicable,,,10216,,HuC,Lan,,,,,SDN_MCF_55-64_0_0,AttAcoustic,ZWCHJ,24-<40,,,36000,36000,NoDiff,72000,6,,,
CL,Estimate,Combcd,,Avgp,ZW,ZW,1965,1,,27.7.k,32D6,NotApplicable,,,10295,,HuC,Lan,,,,,OTB_CRU_90-99_1_180,AttAcoustic,ZWUTA,10-<12,,,26000,26000,NoDiff,52000,14,,,
CL,Estimate,Combcd,,Avgp,ZW,ZW,1965,1,,27.5.b,49D8,NotApplicable,,,101798,,HuC,Lan,,,,,GND_DEF_31-39_0_0,AttAcoustic,ZWMVZ,24-<40,,,32000,32000,NoDiff,64000,17,,,
CL,Estimate,Combcd,,Avgp,ZW,ZW,1965,1,,27,-9,NotApplicable,,,101519,,HuC,Lan,,,,,GTR_DEF_50-70_0_0,AttAcoustic,ZWCHJ,40<,,,38000,38000,NoDiff,76000,12,,,
CL,Estimate,Combcd,,Avgp,ZW,ZW,1965,1,,27.12.a.1,43B7,NotApplicable,,,101798,,HuC,Lan,,,,,OTT_MOL_70-99_0_0,AttAcoustic,ZWBZH,24-<40,,,35000,35000,NoDiff,70000,10,,,
CL,Estimate,Combcd,,Avgp,ZW,ZW,1965,1,,27.6.a,44D8,NotApplicable,,,10216,,HuC,Lan,,,,,PS_SPF_70-99_0_0,AttAcoustic,ZWMJW,<8,,,11000,11000,NoDiff,22000,15,,,
CL,Estimate,Combcd,,Avgp,ZW,ZW,1965,1,,27.8.b,17E8,NotApplicable,,,101380,,HuC,Lan,,,,,GND_SPF_60-69_0_0,AttAcoustic,ZWVFA,24-<40,,,37000,37000,NoDiff,74000,12,,,
CL,Estimate,Combcd,,Avgp,ZW,ZW,1965,1,,27.3.d.25,39G7,NotApplicable,,,10211,,HuC,Lan,,,,,PTM_DEF_65-69_0_0,AttAcoustic,ZWBFO,15-<18,,,17000,17000,NoDiff,34000,18,,,
CL,Estimate,Combcd,,Avgp,ZW,ZW,1965,1,,27.9.b.1,08D5,NotApplicable,,,101172,,HuC,Lan,,,,,OTT_DEF_<16_0_0,AttAcoustic,ZWBFO,10-<12,,,6000,6000,NoDiff,12000,12,,,
CL,Estimate,Combcd,,Avgp,ZW,ZW,1965,1,,27.9.b,10D6,NotApplicable,,,10216,,HuC,Lan,,,,,OTB_DEF_100-119_1_300,AttAcoustic,ZWHRE,<8,,,4000,4000,NoDiff,8000,16,,,
CL,Estimate,Combcd,,Avgp,ZW,ZW,1965,1,,27.12.a.1,37B4,NotApplicable,,,101798,,HuC,Lan,,,,,PS_SPF_115-120_3_115,AttAcoustic,ZWUTA,Unknown,,,33000,33000,NoDiff,66000,14,,,
CL,Estimate,Combcd,,Avgp,ZW,ZW,1965,1,,27.3.c.22,39G0,NotApplicable,,,101167,,HuC,Lan,,,,,OTM_SPF_70-119_0_0,AttAcoustic,ZWUTA,15-<18,,,48000,48000,NoDiff,96000,15,,,
CL,Estimate,Combcd,,Avgp,ZW,ZW,1965,1,,27.12.a.1,39C2,NotApplicable,,,1015724,,HuC,Lan,,,,,OTM_DEF_32-69_0_0,AttAcoustic,ZWHWN,<8,,,6000,6000,NoDiff,12000,9,,,
CL,Estimate,Combcd,,Avgp,ZW,ZW,1965,1,,27.3.d.30,55H2,NotApplicable,,,100930,,HuC,Lan,,,,,OTT_MCD_90-99_1_300,AttAcoustic,ZWHWN,12-<15,,,7000,7000,NoDiff,14000,23,,,
CL,Estimate,Combcd,,Avgp,ZW,ZW,1965,1,,27.2,-9,NotApplicable,,,10211,,HuC,Lan,,,,,OTB_MOL_<16_0_0,AttAcoustic,ZWMVZ,40<,,,41000,41000,NoDiff,82000,8,,,
CL,Estimate,Combcd,,Avgp,ZW,ZW,1965,1,,27.4,-9,NotApplicable,,,10216,,HuC,Lan,,,,,GND_CAT_80-89_0_0,AttAcoustic,ZWVFA,12-<15,,,31000,31000,NoDiff,62000,20,,,
CL,Estimate,Combcd,,Avgp,ZW,ZW,1965,1,,27.2,-9,NotApplicable,,,101013,,HuC,Lan,,,,,OTB_MDD_70-99_0_0,AttAcoustic,ZWMVZ,Unknown,,,30000,30000,NoDiff,60000,22,,,
CL,Estimate,Combcd,,Avgp,ZW,ZW,1965,1,,27.8.d,18D9,NotApplicable,,,100684,,HuC,Lan,,,,,OTT_DWS_40-54_0_0,AttAcoustic,ZWWKI,8-<10,,,25000,25000,NoDiff,50000,6,,,
CL,Estimate,Combcd,,Avgp,ZW,ZW,1965,1,,27.7.c,34D4,NotApplicable,,,10306,,HuC,Lan,,,,,OTB_CRU_32-69_0_0,AttAcoustic,ZWBUQ,Unknown,,,10000,10000,NoDiff,20000,12,,,
CL,Estimate,Combcd,,Avgp,ZW,ZW,1965,1,,27.5.b.1,-9,NotApplicable,,,101798,,HuC,Lan,,,,,GND_CAT_>=220_0_0,AttAcoustic,ZWVFA,18-<24,,,30000,30000,NoDiff,60000,4,,,
CL,Estimate,Combcd,,Avgp,ZW,ZW,1965,1,,27.6,-9,NotApplicable,,,100684,,HuC,Lan,,,,,OTT_MCD_100-119_1_270,AttAcoustic,ZWBUQ,24-<40,,,1000,1000,NoDiff,2000,7,,,
CL,Estimate,Combcd,,Avgp,ZW,ZW,1965,1,,27.7.g,32E5,NotApplicable,,,101,,HuC,Lan,,,,,GTR_CEP_80-89_0_0,AttAcoustic,ZWGWE,<8,,,8000,8000,NoDiff,16000,4,,,
CL,Estimate,Combcd,,Avgp,ZW,ZW,1965,1,,27.8.b,20E8,NotApplicable,,,101174,,HuC,Lan,,,,,OTB_MOL_100-119_4_35,AttAcoustic,ZWHWN,40<,,,30000,30000,NoDiff,60000,22,,,
CL,Estimate,Combcd,,Avgp,ZW,ZW,1965,1,,27.4.c,32F0,NotApplicable,,,10216,,HuC,Lan,,,,,OTT_CRU_90-99_4_35,AttAcoustic,ZWHWN,24-<40,,,36000,36000,NoDiff,72000,14,,,
CL,Estimate,Combcd,,Avgp,ZW,ZW,1965,1,,27.5.a,63C4,NotApplicable,,,101013,,HuC,Lan,,,,,GTR_DEF_80-89_0_0,AttAcoustic,ZWBFO,40<,,,3000,3000,NoDiff,6000,5,,,
CL,Estimate,Combcd,,Avgp,ZW,ZW,1965,1,,27.6.b.2,40D6,NotApplicable,,,10216,,HuC,Lan,,,,,SSC_DEF_32-89_0_0,AttAcoustic,ZWBFO,10-<12,,,29000,29000,NoDiff,58000,7,,,
CL,Estimate,Combcd,,Avgp,ZW,ZW,1965,1,,27.8.d,22E2,NotApplicable,,,101519,,HuC,Lan,,,,,OTB_DEF_<40_0_0,AttAcoustic,ZWCHJ,24-<40,,,12000,12000,NoDiff,24000,13,,,
CL,Estimate,Combcd,,Avgp,ZW,ZW,1965,1,,27.7,-9,NotApplicable,,,101013,,HuC,Lan,,,,,OTT_DEF_16-31_0_0,AttAcoustic,ZWVFA,10-<12,,,43000,43000,NoDiff,86000,15,,,
CL,Estimate,Combcd,,Avgp,ZW,ZW,1965,1,,27.12.a,36A2,NotApplicable,,,101519,,HuC,Lan,,,,,PTB_DEF_>=120_3_120,AttAcoustic,ZWKAB,Unknown,,,26000,26000,NoDiff,52000,11,,,
CL,Estimate,Combcd,,Avgp,ZW,ZW,1965,1,,27.3.d.29,46H3,NotApplicable,,,1019159,,HuC,Lan,,,,,PTM_LPF_90-99_0_0,AttAcoustic,ZWMVZ,Unknown,,,47000,47000,NoDiff,94000,15,,,
CL,Estimate,Combcd,,Avgp,ZW,ZW,1965,1,,27.6.b.2,39D6,NotApplicable,,,10211,,HuC,Lan,,,,,GTN_DEF_40-49_0_0,AttAcoustic,ZWGWE,8-<10,,,21000,21000,NoDiff,42000,15,,,
CL,Estimate,Combcd,,Avgp,ZW,ZW,1965,1,,27.14,-9,NotApplicable,,,101380,,HuC,Lan,,,,,GTR_FWS_>0_0_0,AttAcoustic,ZWHWN,<8,,,7000,7000,NoDiff,14000,12,,,
CL,Estimate,Combcd,,Avgp,ZW,ZW,1965,1,,27.3.bc,-9,NotApplicable,,,1019159,,HuC,Lan,,,,,GNS_DWS_40-49_0_0,AttAcoustic,ZWUTA,10-<12,,,38000,38000,NoDiff,76000,13,,,
CL,Estimate,Combcd,,Avgp,ZW,ZW,1965,1,,27.10.b,21B6,NotApplicable,,,101172,,HuC,Lan,,,,,PTM_SPF_<16_0_0,AttAcoustic,ZWBFO,15-<18,,,43000,43000,NoDiff,86000,21,,,
CL,Estimate,Combcd,,Avgp,ZW,ZW,1965,1,,27.8.e,20D3,NotApplicable,,,10211,,HuC,Lan,,,,,GNS_DEF_50-70_0_0,AttAcoustic,ZWKAB,40<,,,47000,47000,NoDiff,94000,15,,,
CL,Estimate,Combcd,,Avgp,ZW,ZW,1965,1,,27.3.d,-9,NotApplicable,,,10216,,HuC,Lan,,,,,OTB_MOL_90-99_4_35,AttAcoustic,ZWMJW,12-<15,,,8000,8000,NoDiff,16000,12,,,
CL,Estimate,Combcd,,Avgp,ZW,ZW,1965,1,,27.8.d.1,22E0,NotApplicable,,,10295,,HuC,Lan,,,,,TBB_CEP_70-89_0_0,AttAcoustic,ZWMJW,8-<10,,,30000,30000,NoDiff,60000,14,,,
CL,Estimate,Combcd,,Avgp,ZW,ZW,1965,1,,27.10.a,02B3,NotApplicable,,,10306,,HuC,Lan,,,,,OTB_DEF_100-119_2_35,AttAcoustic,ZWBZH,24-<40,,,25000,25000,NoDiff,50000,14,,,
CL,Estimate,Combcd,,Avgp,ZW,ZW,1965,1,,27.7.k.2,31D5,NotApplicable,,,101172,,HuC,Lan,,,,,GNS_LPF_10-30_0_0,AttAcoustic,ZWWKI,8-<10,,,7000,7000,NoDiff,14000,4,,,
CL,Estimate,Combcd,,Avgp,ZW,ZW,1965,1,,27.7.h,26E3,NotApplicable,,,100684,,HuC,Lan,,,,,OTM_DEF_115-120_3_115,AttAcoustic,ZWMVZ,40<,,,49000,49000,NoDiff,98000,13,,,
CL,Estimate,Combcd,,Avgp,ZW,ZW,1965,1,,27.3,-9,NotApplicable,,,100684,,HuC,Lan,,,,,GNC_DEF_>0_0_0,AttAcoustic,ZWVFA,8-<10,,,47000,47000,NoDiff,94000,18,,,
CL,Estimate,Combcd,,Avgp,ZW,ZW,1965,1,,27.3.d.28.1,45H2,NotApplicable,,,101800,,HuC,Lan,,,,,TBB_CRU_32-69_0_0,AttAcoustic,ZWHRE,15-<18,,,49000,49000,NoDiff,98000,12,,,
CL,Estimate,Combcd,,Avgp,ZW,ZW,1965,1,,27.10.a,09D1,NotApplicable,,,101174,,HuC,Lan,,,,,OTB_CRU_>=40_0_0,AttAcoustic,ZWMJW,Unknown,,,19000,19000,NoDiff,38000,14,,,
CL,Estimate,Combcd,,Avgp,ZW,ZW,1965,1,,27.9.b,12D4,NotApplicable,,,101800,,HuC,Lan,,,,,GNS_CRU_>=16_0_0,AttAcoustic,ZWMJW,40<,,,43000,43000,NoDiff,86000,19,,,
CL,Estimate,Combcd,,Avgp,ZW,ZW,1965,1,,27.3.b.23,40G2,NotApplicable,,,100684,,HuC,Lan,,,,,SDN_CEP_100-119_0_0,AttAcoustic,ZWVFA,24-<40,,,38000,38000,NoDiff,76000,7,,,
CL,Estimate,Combcd,,Avgp,ZW,ZW,1965,1,,27.4.a,49F1,NotApplicable,,,1019159,,HuC,Lan,,,,,SPR_DEF_>0_0_0,AttAcoustic,ZWHRE,15-<18,,,36000,36000,NoDiff,72000,17,,,
CL,Estimate,Combcd,,Avgp,ZW,ZW,1965,1,,27.10,-9,NotApplicable,,,10194,,HuC,Lan,,,,,PTM_LPF_>=120_0_0,AttAcoustic,ZWBFO,8-<10,,,33000,33000,NoDiff,66000,17,,,
CL,Estimate,Combcd,,Avgp,ZW,ZW,1965,1,,27.8.d.2,20E1,NotApplicable,,,10194,,HuC,Lan,,,,,GND_SPF_100-119_0_0,AttAcoustic,ZWWKI,15-<18,,,23000,23000,NoDiff,46000,19,,,
CL,Estimate,Combcd,,Avgp,ZW,ZW,1965,1,,27.6.b,46D3,NotApplicable,,,101380,,HuC,Lan,,,,,OTM_FWS_>0_0_0,AttAcoustic,ZWUTA,8-<10,,,48000,48000,NoDiff,96000,6,,,
CL,Estimate,Combcd,,Avgp,ZW,ZW,1965,1,,27.8.d.2,22E4,NotApplicable,,,10216,,HuC,Lan,,,,,PTB_CRU_32-39_0_0,AttAcoustic,ZWVFA,8-<10,,,34000,34000,NoDiff,68000,14,,,
CL,Estimate,Combcd,,Avgp,ZW,ZW,1965,1,,27.4.c,35F4,NotApplicable,,,100930,,HuC,Lan,,,,,PTB_MPD_>0_0_0,AttAcoustic,ZWBFO,18-<24,,,44000,44000,NoDiff,88000,11,,,
CL,Estimate,Combcd,,Avgp,ZW,ZW,1965,1,,27.7.g,32E1,NotApplicable,,,101013,,HuC,Lan,,,,,OTM_SPF_>=20_0_0,AttAcoustic,ZWBZH,10-<12,,,29000,29000,NoDiff,58000,23,,,
CL,Estimate,Combcd,,Avgp,ZW,ZW,1965,1,,27.7.b,37E1,NotApplicable,,,10193,,HuC,Lan,,,,,OTM_DWS_>0_0_0,AttAcoustic,ZWMJW,15-<18,,,48000,48000,NoDiff,96000,18,,,
CL,Estimate,Combcd,,Avgp,ZW,ZW,1965,1,,27.6.b,46D5,NotApplicable,,,1019159,,HuC,Lan,,,,,OTB_MCD_90-99_1_120,AttAcoustic,ZWKAB,15-<18,,,18000,18000,NoDiff,36000,17,,,
CL,Estimate,Combcd,,Avgp,ZW,ZW,1965,1,,27.2.b.1,-9,NotApplicable,,,101380,,HuC,Lan,,,,,OTT_CRU_100-119_1_180,AttAcoustic,ZWBFO,Unknown,,,44000,44000,NoDiff,88000,14,,,
CL,Estimate,Combcd,,Avgp,ZW,ZW,1965,1,,27.5.b.2,-9,NotApplicable,,,10216,,HuC,Lan,,,,,OTT_CEP_65-69_0_0,AttAcoustic,ZWHWN,18-<24,,,25000,25000,NoDiff,50000,14,,,
CL,Estimate,Combcd,,Avgp,ZW,ZW,1965,1,,27.5,-9,NotApplicable,,,101167,,HuC,Lan,,,,,OTB_CEP_70-119_0_0,AttAcoustic,ZWVFA,<8,,,34000,34000,NoDiff,68000,15,,,
CL,Estimate,Combcd,,Avgp,ZW,ZW,1965,1,,27.3.d.27,43G6,NotApplicable,,,100684,,HuC,Lan,,,,,OTT_DEF_>=120_0_0,AttAcoustic,ZWUTA,40<,,,50000,50000,NoDiff,100000,4,,,
CL,Estimate,Combcd,,Avgp,ZW,ZW,1965,1,,27.3.a,-9,NotApplicable,,,101172,,HuC,Lan,,,,,PS_SPF_>=14_0_0,AttAcoustic,ZWKAB,Unknown,,,5000,5000,NoDiff,10000,6,,,
CL,Estimate,Combcd,,Avgp,ZW,ZW,1965,1,,27.3.d.30,50H1,NotApplicable,,,101798,,HuC,Lan,,,,,PTB_DEF_90-99_1_300,AttAcoustic,ZWBZH,8-<10,,,27000,27000,NoDiff,54000,7,,,
CL,Estimate,Combcd,,Avgp,ZW,ZW,1965,1,,27.1,-9,NotApplicable,,,10193,,HuC,Lan,,,,,PS_MPD_>=120_0_0,AttAcoustic,ZWBZH,15-<18,,,32000,32000,NoDiff,64000,14,,,
CL,Estimate,Combcd,,Avgp,ZW,ZW,1965,1,,27.6.b.2,43D6,NotApplicable,,,10211,,HuC,Lan,,,,,OTT_MOL_90-99_0_0,AttAcoustic,ZWCHJ,40<,,,35000,35000,NoDiff,70000,23,,,
CL,Estimate,Combcd,,Avgp,ZW,ZW,1965,1,,27.3.a.20,44G0,NotApplicable,,,10306,,HuC,Lan,,,,,GTR_SPF_110-156_0_0,AttAcoustic,ZWBUQ,15-<18,,,48000,48000,NoDiff,96000,23,,,
CL,Estimate,Combcd,,Avgp,ZW,ZW,1965,1,,27.9.b.1,01D2,NotApplicable,,,10295,,HuC,Lan,,,,,GNS_LPF_<16_0_0,AttAcoustic,ZWHWN,18-<24,,,24000,24000,NoDiff,48000,17,,,
CL,Estimate,Combcd,,Avgp,ZW,ZW,1965,1,,27.14.b,64C1,NotApplicable,,,100930,,HuC,Lan,,,,,OTT_CRU_65-69_0_0,AttAcoustic,ZWKAB,Unknown,,,3000,3000,NoDiff,6000,22,,,
CL,Estimate,Combcd,,Avgp,ZW,ZW,1965,1,,27.10.a.2,04C8,NotApplicable,,,100930,,HuC,Lan,,,,,OTB_MDD_16-31_0_0,AttAcoustic,ZWBZH,Unknown,,,23000,23000,NoDiff,46000,8,,,
CL,Estimate,Combcd,,Avgp,ZW,ZW,1965,1,,27.14.b,52C0,NotApplicable,,,10194,,HuC,Lan,,,,,SSC_DEF_32-69_0_0,AttAcoustic,ZWCHJ,24-<40,,,6000,6000,NoDiff,12000,8,,,
CL,Estimate,Combcd,,Avgp,ZW,ZW,1965,1,,27.5.b.2,50E1,NotApplicable,,,101,,HuC,Lan,,,,,PS_SPF_<16_0_0,AttAcoustic,ZWHRE,8-<10,,,39000,39000,NoDiff,78000,8,,,
CL,Estimate,Combcd,,Avgp,ZW,ZW,1965,1,,27.2.b.2,91E4,NotApplicable,,,101380,,HuC,Lan,,,,,OTT_MOL_40-54_0_0,AttAcoustic,ZWUTA,Unknown,,,38000,38000,NoDiff,76000,22,,,
CL,Estimate,Combcd,,Avgp,ZW,ZW,1965,1,,27.3.d.26,37G8,NotApplicable,,,1015724,,HuC,Lan,,,,,SDN_CEP_65-69_0_0,AttAcoustic,ZWHRE,40<,,,37000,37000,NoDiff,74000,9,,,
CL,Estimate,Combcd,,Avgp,ZW,ZW,1965,1,,27.2.a.1,69F3,NotApplicable,,,101,,HuC,Lan,,,,,GND_DEF_60-69_0_0,AttAcoustic,ZWHRE,18-<24,,,41000,41000,NoDiff,82000,12,,,
CL,Estimate,Combcd,,Avgp,ZW,ZW,1965,1,,27.10.b,18B5,NotApplicable,,,10295,,HuC,Lan,,,,,OTT_DWS_32-39_0_0,AttAcoustic,ZWWKI,18-<24,,,5000,5000,NoDiff,10000,8,,,
CL,Estimate,Combcd,,Avgp,ZW,ZW,1965,1,,27.7.h,27E2,NotApplicable,,,10216,,HuC,Lan,,,,,OTB_MOL_32-39_0_0,AttAcoustic,ZWWKI,24-<40,,,44000,44000,NoDiff,88000,21,,,
CL,Estimate,Combcd,,Avgp,ZW,ZW,1965,1,,27.3.d.25,38G5,NotApplicable,,,100684,,HuC,Lan,,,,,LH_FIF_0_0_0,AttAcoustic,ZWWKI,Unknown,,,20000,20000,NoDiff,40000,17,,,
CL,Estimate,Combcd,,Avgp,ZW,ZW,1965,1,,27.3,-9,NotApplicable,,,10194,,HuC,Lan,,,,,GTR_DEF_>=16_0_0,AttAcoustic,ZWBUQ,40<,,,3000,3000,NoDiff,6000,6,,,
CL,Estimate,Combcd,,Avgp,ZW,ZW,1965,1,,27.2.a,71H1,NotApplicable,,,100930,,HuC,Lan,,,,,OTB_CRU_55-64_0_0,AttAcoustic,ZWHRE,15-<18,,,34000,34000,NoDiff,68000,9,,,
CL,Estimate,Combcd,,Avgp,ZW,ZW,1965,1,,27.14,-9,NotApplicable,,,101167,,HuC,Lan,,,,,LLD_LPF_0_0_0,AttAcoustic,ZWGWE,40<,,,18000,18000,NoDiff,36000,15,,,
CL,Estimate,Combcd,,Avgp,ZW,ZW,1965,1,,27.3.a,-9,NotApplicable,,,10216,,HuC,Lan,,,,,PTB_CEP_40-54_0_0,AttAcoustic,ZWCHJ,10-<12,,,43000,43000,NoDiff,86000,8,,,
CL,Estimate,Combcd,,Avgp,ZW,ZW,1965,1,,27.8.b,20E8,NotApplicable,,,101174,,HuC,Lan,,,,,TBB_CEP_70-89_0_0,AttAcoustic,ZWHRE,18-<24,,,44000,44000,NoDiff,88000,20,,,
CL,Estimate,Combcd,,Avgp,ZW,ZW,1965,1,,27.7.g,32E5,NotApplicable,,,101174,,HuC,Lan,,,,,PTM_DEF_<16_0_0,AttAcoustic,ZWHWN,15-<18,,,33000,33000,NoDiff,66000,21,,,
CL,Estimate,Combcd,,Avgp,ZW,ZW,1965,1,,27.2.a.2,65G3,NotApplicable,,,101519,,HuC,Lan,,,,,OTM_SPF_>=20_0_0,AttAcoustic,ZWBUQ,24-<40,,,44000,44000,NoDiff,88000,15,,,
CL,Estimate,Combcd,,Avgp,ZW,ZW,1965,1,,27.7.j.2,30E0,NotApplicable,,,1019159,,HuC,Lan,,,,,GNS_DWS_>=220_0_0,AttAcoustic,ZWBUQ,12-<15,,,8000,8000,NoDiff,16000,14,,,
CL,Estimate,Combcd,,Avgp,ZW,ZW,1965,1,,27.11,-9,NotApplicable,,,101167,,HuC,Lan,,,,,GNS_DEF_80-89_0_0,AttAcoustic,ZWGWE,15-<18,,,14000,14000,NoDiff,28000,21,,,
CL,Estimate,Combcd,,Avgp,ZW,ZW,1965,1,,27.7.g,31E4,NotApplicable,,,10295,,HuC,Lan,,,,,PTM_SPF_14-19_0_0,AttAcoustic,ZWUTA,40<,,,33000,33000,NoDiff,66000,11,,,
CL,Estimate,Combcd,,Avgp,ZW,ZW,1965,1,,27.10.b,16C3,NotApplicable,,,10194,,HuC,Lan,,,,,MIS_MPD_0_0_0,AttAcoustic,ZWWKI,8-<10,,,41000,41000,NoDiff,82000,11,,,
CL,Estimate,Combcd,,Avgp,ZW,ZW,1965,1,,27.10.b,18B1,NotApplicable,,,101798,,HuC,Lan,,,,,PTM_SPF_32-89_0_0,AttAcoustic,ZWMJW,18-<24,,,38000,38000,NoDiff,76000,5,,,
CL,Estimate,Combcd,,Avgp,ZW,ZW,1965,1,,27.8.c,17E0,NotApplicable,,,100930,,HuC,Lan,,,,,SDN_SPF_>=120_0_0,AttAcoustic,ZWCHJ,40<,,,13000,13000,NoDiff,26000,20,,,
CL,Estimate,Combcd,,Avgp,ZW,ZW,1965,1,,27.8.a,21E8,NotApplicable,,,10194,,HuC,Lan,,,,,GND_DEF_90-99_0_0,AttAcoustic,ZWWKI,<8,,,46000,46000,NoDiff,92000,17,,,
CL,Estimate,Combcd,,Avgp,ZW,ZW,1965,1,,27.2.a.2,58F2,NotApplicable,,,10306,,HuC,Lan,,,,,OTB_FWS_>0_0_0,AttAcoustic,ZWCHJ,8-<10,,,8000,8000,NoDiff,16000,13,,,
CL,Estimate,Combcd,,Avgp,ZW,ZW,1965,1,,27.8.e.1,23D8,NotApplicable,,,101519,,HuC,Lan,,,,,OTB_MDD_<40_0_0,AttAcoustic,ZWBUQ,10-<12,,,37000,37000,NoDiff,74000,20,,,
CL,Estimate,Combcd,,Avgp,ZW,ZW,1965,1,,27.3.d.29,45H3,NotApplicable,,,10194,,HuC,Lan,,,,,SSC_DEF_40-54_0_0,AttAcoustic,ZWHRE,10-<12,,,44000,44000,NoDiff,88000,13,,,
CL,Estimate,Combcd,,Avgp,ZW,ZW,1965,1,,27.7.h,25E2,NotApplicable,,,101172,,HuC,Lan,,,,,GND_DEF_31-39_0_0,AttAcoustic,ZWMJW,Unknown,,,12000,12000,NoDiff,24000,7,,,
CL,Estimate,Combcd,,Avgp,ZW,ZW,1965,1,,27.7.a,36E6,NotApplicable,,,100930,,HuC,Lan,,,,,PTB_SPF_105-115_1_110,AttAcoustic,ZWVFA,40<,,,46000,46000,NoDiff,92000,18,,,
CL,Estimate,Combcd,,Avgp,ZW,ZW,1965,1,,27.5.b.1,-9,NotApplicable,,,101800,,HuC,Lan,,,,,GND_ANA_70-79_0_0,AttAcoustic,ZWBUQ,40<,,,2000,2000,NoDiff,4000,12,,,
CL,Estimate,Combcd,,Avgp,ZW,ZW,1965,1,,27.2.b.2,94H7,NotApplicable,,,101013,,HuC,Lan,,,,,OTM_DEF_>=120_0_0,AttAcoustic,ZWBFO,40<,,,19000,19000,NoDiff,38000,18,,,
CL,Estimate,Combcd,,Avgp,ZW,ZW,1965,1,,27.5.b,53E5,NotApplicable,,,1019159,,HuC,Lan,,,,,GNS_CRU_31-39_0_0,AttAcoustic,ZWKAB,24-<40,,,49000,49000,NoDiff,98000,20,,,
CL,Estimate,Combcd,,Avgp,ZW,ZW,1965,1,,27.3.a,-9,NotApplicable,,,10295,,HuC,Lan,,,,,SDN_DEF_100-119_1_180,AttAcoustic,ZWHWN,15-<18,,,18000,18000,NoDiff,36000,4,,,
CL,Estimate,Combcd,,Avgp,ZW,ZW,1965,1,,27.8.b,16E8,NotApplicable,,,100930,,HuC,Lan,,,,,PTB_CRU_100-119_1_140,AttAcoustic,ZWBZH,15-<18,,,20000,20000,NoDiff,40000,14,,,
CL,Estimate,Combcd,,Avgp,ZW,ZW,1965,1,,27.7.k,25D5,NotApplicable,,,10194,,HuC,Lan,,,,,OTB_DEF_105-115_1_120,AttAcoustic,ZWHWN,40<,,,41000,41000,NoDiff,82000,19,,,
CL,Estimate,Combcd,,Avgp,ZW,ZW,1965,1,,27.12.a,52D2,NotApplicable,,,101,,HuC,Lan,,,,,PTM_SPF_>=120_3_120,AttAcoustic,ZWMVZ,Unknown,,,28000,28000,NoDiff,56000,12,,,
CL,Estimate,Combcd,,Avgp,ZW,ZW,1965,1,,27.7.b,34E0,NotApplicable,,,101013,,HuC,Lan,,,,,OTT_MCD_90-99_1_270,AttAcoustic,ZWCHJ,8-<10,,,48000,48000,NoDiff,96000,20,,,
CL,Estimate,Combcd,,Avgp,ZW,ZW,1965,1,,27.3.d.28,-9,NotApplicable,,,101,,HuC,Lan,,,,,GNS_DWS_120-219_0_0,AttAcoustic,ZWBFO,15-<18,,,38000,38000,NoDiff,76000,18,,,
CL,Estimate,Combcd,,Avgp,ZW,ZW,1965,1,,27.9.b,05D7,NotApplicable,,,101013,,HuC,Lan,,,,,OTB_DEF_40-54_0_0,AttAcoustic,ZWVFA,18-<24,,,35000,35000,NoDiff,70000,19,,,
CL,Estimate,Combcd,,Avgp,ZW,ZW,1965,1,,27.12.a.4,52C7,NotApplicable,,,101174,,HuC,Lan,,,,,GTN_DEF_40-49_0_0,AttAcoustic,ZWGWE,18-<24,,,17000,17000,NoDiff,34000,6,,,
CL,Estimate,Combcd,,Avgp,ZW,ZW,1965,1,,27.9.b.1,14D5,NotApplicable,,,101174,,HuC,Lan,,,,,LHP_FIF_0_0_0,AttAcoustic,ZWMVZ,18-<24,,,20000,20000,NoDiff,40000,10,,,
CL,Estimate,Combcd,,Avgp,ZW,ZW,1965,1,,27.12.a.2,49D1,NotApplicable,,,101013,,HuC,Lan,,,,,FPO_MOL_>0_0_0,AttAcoustic,ZWMJW,10-<12,,,34000,34000,NoDiff,68000,18,,,
CL,Estimate,Combcd,,Avgp,ZW,ZW,1965,1,,27.10,-9,NotApplicable,,,101170,,HuC,Lan,,,,,TBB_DEF_55-64_0_0,AttAcoustic,ZWHRE,40<,,,23000,23000,NoDiff,46000,19,,,
CL,Estimate,Combcd,,Avgp,ZW,ZW,1965,1,,27.7,-9,NotApplicable,,,1015724,,HuC,Lan,,,,,OTB_MPD_>=120_0_0,AttAcoustic,ZWBFO,10-<12,,,26000,26000,NoDiff,52000,13,,,
CL,Estimate,Combcd,,Avgp,ZW,ZW,1965,1,,27.14.a,97B8,NotApplicable,,,1019159,,HuC,Lan,,,,,OTB_MOL_32-69_0_0,AttAcoustic,ZWBUQ,12-<15,,,48000,48000,NoDiff,96000,17,,,
CL,Estimate,Combcd,,Avgp,ZW,ZW,1965,1,,27.12,-9,NotApplicable,,,101800,,HuC,Lan,,,,,OTT_MOL_90-99_4_35,AttAcoustic,ZWBFO,10-<12,,,49000,49000,NoDiff,98000,7,,,
CL,Estimate,Combcd,,Avgp,ZW,ZW,1965,1,,27.12,-9,NotApplicable,,,101800,,HuC,Lan,,,,,GNS_ANA_>=157_0_0,AttAcoustic,ZWHWN,12-<15,,,31000,31000,NoDiff,62000,17,,,
CL,Estimate,Combcd,,Avgp,ZW,ZW,1965,1,,27.8.d.1,22D9,NotApplicable,,,101800,,HuC,Lan,,,,,TBB_MOL_32-39_0_0,AttAcoustic,ZWMJW,10-<12,,,16000,16000,NoDiff,32000,23,,,
CL,Estimate,Combcd,,Avgp,ZW,ZW,1965,1,,27.6.b.1,47D4,NotApplicable,,,101172,,HuC,Lan,,,,,TBB_CEP_32-39_0_0,AttAcoustic,ZWMJW,18-<24,,,3000,3000,NoDiff,6000,16,,,
CL,Estimate,Combcd,,Avgp,ZW,ZW,1965,1,,27.6,-9,NotApplicable,,,100684,,HuC,Lan,,,,,OTM_LPF_70-119_0_0,AttAcoustic,ZWMJW,8-<10,,,24000,24000,NoDiff,48000,5,,,
CL,Estimate,Combcd,,Avgp,ZW,ZW,1965,1,,27.8,-9,NotApplicable,,,10295,,HuC,Lan,,,,,TBB_DEF_>=40_0_0,AttAcoustic,ZWWKI,12-<15,,,21000,21000,NoDiff,42000,12,,,
CL,Estimate,Combcd,,Avgp,ZW,ZW,1965,1,,27.4.c,35F1,NotApplicable,,,101170,,HuC,Lan,,,,,OTT_MOL_55-64_0_0,AttAcoustic,ZWHRE,18-<24,,,50000,50000,NoDiff,100000,14,,,
CL,Estimate,Combcd,,Avgp,ZW,ZW,1965,1,,27.12,-9,NotApplicable,,,100684,,HuC,Lan,,,,,PTB_DEF_32-89_0_0,AttAcoustic,ZWBUQ,12-<15,,,10000,10000,NoDiff,20000,9,,,
CL,Estimate,Combcd,,Avgp,ZW,ZW,1965,1,,27.8.c,16E0,NotApplicable,,,101172,,HuC,Lan,,,,,TBB_MCD_32-39_0_0,AttAcoustic,ZWUTA,12-<15,,,43000,43000,NoDiff,86000,6,,,
CL,Estimate,Combcd,,Avgp,ZW,ZW,1965,1,,27.2.a,66F5,NotApplicable,,,101174,,HuC,Lan,,,,,OTB_MCD_16-31_0_0,AttAcoustic,ZWCHJ,24-<40,,,37000,37000,NoDiff,74000,5,,,
CL,Estimate,Combcd,,Avgp,ZW,ZW,1965,1,,27.7.h,-9,NotApplicable,,,101,,HuC,Lan,,,,,TBB_CEP_>=120_0_0,AttAcoustic,ZWHWN,15-<18,,,39000,39000,NoDiff,78000,12,,,
CL,Estimate,Combcd,,Avgp,ZW,ZW,1965,1,,27.5.a,53D0,NotApplicable,,,101798,,HuC,Lan,,,,,GTR_CRU_50-59_0_0,AttAcoustic,ZWUTA,<8,,,29000,29000,NoDiff,58000,17,,,
CL,Estimate,Combcd,,Avgp,ZW,ZW,1965,1,,27.7.k.2,31D4,NotApplicable,,,101172,,HuC,Lan,,,,,OTB_CEP_>0_0_0,AttAcoustic,ZWKAB,<8,,,36000,36000,NoDiff,72000,16,,,
CL,Estimate,Combcd,,Avgp,ZW,ZW,1965,1,,27.3,-9,NotApplicable,,,1019159,,HuC,Lan,,,,,OTB_DWS_>0_0_0,AttAcoustic,ZWHWN,24-<40,,,21000,21000,NoDiff,42000,12,,,
CL,Estimate,Combcd,,Avgp,ZW,ZW,1965,1,,27.2.a,68G8,NotApplicable,,,1015724,,HuC,Lan,,,,,OTT_DEF_70-89_0_0,AttAcoustic,ZWWKI,Unknown,,,17000,17000,NoDiff,34000,22,,,
CL,Estimate,Combcd,,Avgp,ZW,ZW,1965,1,,27.7.j.1,-9,NotApplicable,,,10194,,HuC,Lan,,,,,GTR_CEP_90-99_0_0,AttAcoustic,ZWHRE,15-<18,,,34000,34000,NoDiff,68000,18,,,
CL,Estimate,Combcd,,Avgp,ZW,ZW,1965,1,,27.3.d.26,41G8,NotApplicable,,,100684,,HuC,Lan,,,,,PTB_SPF_40-54_0_0,AttAcoustic,ZWMVZ,15-<18,,,4000,4000,NoDiff,8000,23,,,
CL,Estimate,Combcd,,Avgp,ZW,ZW,1965,1,,27.3.d.31,59H1,NotApplicable,,,1015724,,HuC,Lan,,,,,OTT_MCD_70-89_0_0,AttAcoustic,ZWCHJ,12-<15,,,25000,25000,NoDiff,50000,6,,,
CL,Estimate,Combcd,,Avgp,ZW,ZW,1965,1,,27.3.b.23,40G3,NotApplicable,,,100930,,HuC,Lan,,,,,OTT_DWS_>0_0_0,AttAcoustic,ZWGWE,<8,,,13000,13000,NoDiff,26000,17,,,
CL,Estimate,Combcd,,Avgp,ZW,ZW,1965,1,,27.3.a.21,-9,NotApplicable,,,101380,,HuC,Lan,,,,,TBB_DEF_16-31_0_0,AttAcoustic,ZWMVZ,8-<10,,,41000,41000,NoDiff,82000,21,,,
CL,Estimate,Combcd,,Avgp,ZW,ZW,1965,1,,27.12.a.2,49D1,NotApplicable,,,101,,HuC,Lan,,,,,OTM_SPF_14-19_0_0,AttAcoustic,ZWGWE,<8,,,3000,3000,NoDiff,6000,4,,,
CL,Estimate,Combcd,,Avgp,ZW,ZW,1965,1,,27.7.f,30E4,NotApplicable,,,101800,,HuC,Lan,,,,,GNS_SPF_31-39_0_0,AttAcoustic,ZWBUQ,15-<18,,,8000,8000,NoDiff,16000,12,,,
CL,Estimate,Combcd,,Avgp,ZW,ZW,1965,1,,27.2,-9,NotApplicable,,,101013,,HuC,Lan,,,,,OTT_DEF_90-99_1_120,AttAcoustic,ZWBFO,24-<40,,,28000,28000,NoDiff,56000,13,,,
CL,Estimate,Combcd,,Avgp,ZW,ZW,1965,1,,27.10,-9,NotApplicable,,,10216,,HuC,Lan,,,,,OTB_MDD_>=40_0_0,AttAcoustic,ZWGWE,24-<40,,,33000,33000,NoDiff,66000,15,,,
CL,Estimate,Combcd,,Avgp,ZW,ZW,1965,1,,27.12,-9,NotApplicable,,,1019159,,HuC,Lan,,,,,PS_DEF_40-54_0_0,AttAcoustic,ZWUTA,8-<10,,,13000,13000,NoDiff,26000,18,,,
CL,Estimate,Combcd,,Avgp,ZW,ZW,1965,1,,27.12.a.1,34C5,NotApplicable,,,101013,,HuC,Lan,,,,,GTR_SPF_90-109_0_0,AttAcoustic,ZWKAB,12-<15,,,29000,29000,NoDiff,58000,17,,,
CL,Estimate,Combcd,,Avgp,ZW,ZW,1965,1,,27.14.a,71C3,NotApplicable,,,10193,,HuC,Lan,,,,,PTM_LPF_65-69_0_0,AttAcoustic,ZWHWN,40<,,,30000,30000,NoDiff,60000,8,,,
CL,Estimate,Combcd,,Avgp,ZW,ZW,1965,1,,27.7.k,32D7,NotApplicable,,,100930,,HuC,Lan,,,,,OTB_MCD_70-99_0_0,AttAcoustic,ZWMJW,24-<40,,,23000,23000,NoDiff,46000,19,,,
CL,Estimate,Combcd,,Avgp,ZW,ZW,1965,1,,27.13,-9,NotApplicable,,,100684,,HuC,Lan,,,,,OTB_MCD_90-99_1_120,AttAcoustic,ZWCHJ,40<,,,49000,49000,NoDiff,98000,6,,,
CL,Estimate,Combcd,,Avgp,ZW,ZW,1965,1,,27.1,-9,NotApplicable,,,101380,,HuC,Lan,,,,,OTB_DEF_90-99_1_180,AttAcoustic,ZWBFO,24-<40,,,14000,14000,NoDiff,28000,20,,,
CL,Estimate,Combcd,,Avgp,ZW,ZW,1965,1,,27.3.d.28.2,43H1,NotApplicable,,,10295,,HuC,Lan,,,,,PTB_CRU_90-99_2_35,AttAcoustic,ZWWKI,15-<18,,,29000,29000,NoDiff,58000,14,,,
CL,Estimate,Combcd,,Avgp,ZW,ZW,1965,1,,27.3.d,-9,NotApplicable,,,101167,,HuC,Lan,,,,,SDN_SPF_<16_0_0,AttAcoustic,ZWVFA,24-<40,,,40000,40000,NoDiff,80000,23,,,
CL,Estimate,Combcd,,Avgp,ZW,ZW,1965,1,,27.10.a,10D0,NotApplicable,,,101798,,HuC,Lan,,,,,SSC_DEF_100-119_1_120,AttAcoustic,ZWVFA,18-<24,,,45000,45000,NoDiff,90000,17,,,
CL,Estimate,Combcd,,Avgp,ZW,ZW,1965,1,,27.3.d.28,-9,NotApplicable,,,10216,,HuC,Lan,,,,,SDN_DEF_90-99_1_270,AttAcoustic,ZWBUQ,18-<24,,,14000,14000,NoDiff,28000,12,,,
CL,Estimate,Combcd,,Avgp,ZW,ZW,1965,1,,27.7.g,29E1,NotApplicable,,,101519,,HuC,Lan,,,,,PS_SPF_32-89_0_0,AttAcoustic,ZWVFA,40<,,,35000,35000,NoDiff,70000,18,,,
CL,Estimate,Combcd,,Avgp,ZW,ZW,1965,1,,27.3.d.31,59H2,NotApplicable,,,10295,,HuC,Lan,,,,,OTB_CRU_90-99_2_35,AttAcoustic,ZWHWN,<8,,,28000,28000,NoDiff,56000,10,,,
CL,Estimate,Combcd,,Avgp,ZW,ZW,1965,1,,27.3.d.32,48H8,NotApplicable,,,10216,,HuC,Lan,,,,,OTB_CRU_100-119_1_300,AttAcoustic,ZWBUQ,40<,,,36000,36000,NoDiff,72000,5,,,
CL,Estimate,Combcd,,Avgp,ZW,ZW,1965,1,,27.12.a.2,49D4,NotApplicable,,,101013,,HuC,Lan,,,,,OTM_DEF_115-120_3_115,AttAcoustic,ZWCHJ,Unknown,,,5000,5000,NoDiff,10000,23,,,
CL,Estimate,Combcd,,Avgp,ZW,ZW,1965,1,,27.3.d.32,48H5,NotApplicable,,,1019159,,HuC,Lan,,,,,PTB_SPF_55-64_0_0,AttAcoustic,ZWUTA,<8,,,17000,17000,NoDiff,34000,23,,,
CL,Estimate,Combcd,,Avgp,ZW,ZW,1965,1,,27.12.a.1,41C0,NotApplicable,,,1015724,,HuC,Lan,,,,,OTT_DEF_70-99_0_0,AttAcoustic,ZWWKI,15-<18,,,2000,2000,NoDiff,4000,22,,,
CL,Estimate,Combcd,,Avgp,ZW,ZW,1965,1,,27.2.a.1,59E6,NotApplicable,,,101170,,HuC,Lan,,,,,OTB_DEF_100-119_1_270,AttAcoustic,ZWUTA,<8,,,13000,13000,NoDiff,26000,20,,,
CL,Estimate,Combcd,,Avgp,ZW,ZW,1965,1,,27.9.b,03D4,NotApplicable,,,10306,,HuC,Lan,,,,,PTB_CRU_32-69_2_22,AttAcoustic,ZWHRE,<8,,,6000,6000,NoDiff,12000,22,,,
CL,Estimate,Combcd,,Avgp,ZW,ZW,1965,1,,27.2.a.1,70F2,NotApplicable,,,1019159,,HuC,Lan,,,,,GTR_CEP_>0_0_0,AttAcoustic,ZWUTA,18-<24,,,24000,24000,NoDiff,48000,16,,,
CL,Estimate,Combcd,,Avgp,ZW,ZW,1965,1,,27.7.c.2,-9,NotApplicable,,,1019159,,HuC,Lan,,,,,TBB_MCD_40-54_0_0,AttAcoustic,ZWBZH,12-<15,,,5000,5000,NoDiff,10000,18,,,
CL,Estimate,Combcd,,Avgp,ZW,ZW,1965,1,,27.3.a,-9,NotApplicable,,,101519,,HuC,Lan,,,,,SSC_DEF_<16_0_0,AttAcoustic,ZWVFA,18-<24,,,4000,4000,NoDiff,8000,21,,,
CL,Estimate,Combcd,,Avgp,ZW,ZW,1965,1,,27.7.j.1,-9,NotApplicable,,,1019159,,HuC,Lan,,,,,PTB_SPF_100-119_0_0,AttAcoustic,ZWMVZ,<8,,,38000,38000,NoDiff,76000,21,,,
CL,Estimate,Combcd,,Avgp,ZW,ZW,1965,1,,27.3.d.31,59H4,NotApplicable,,,100930,,HuC,Lan,,,,,TBB_DEF_90-99_0_0,AttAcoustic,ZWCHJ,10-<12,,,27000,27000,NoDiff,54000,21,,,
CL,Estimate,Combcd,,Avgp,ZW,ZW,1965,1,,27,-9,NotApplicable,,,10194,,HuC,Lan,,,,,SSC_DEF_90-104_0_0,AttAcoustic,ZWUTA,12-<15,,,14000,14000,NoDiff,28000,19,,,
CL,Estimate,Combcd,,Avgp,ZW,ZW,1965,1,,27.12,-9,NotApplicable,,,10194,,HuC,Lan,,,,,GND_ANA_80-89_0_0,AttAcoustic,ZWWKI,24-<40,,,10000,10000,NoDiff,20000,19,,,
CL,Estimate,Combcd,,Avgp,ZW,ZW,1965,1,,27.4.c,32F2,NotApplicable,,,101380,,HuC,Lan,,,,,GNS_CRU_120-219_0_0,AttAcoustic,ZWBFO,Unknown,,,35000,35000,NoDiff,70000,14,,,
CL,Estimate,Combcd,,Avgp,ZW,ZW,1965,1,,27.7.h,28E1,NotApplicable,,,1019159,,HuC,Lan,,,,,OTM_SPF_<14_0_0,AttAcoustic,ZWKAB,40<,,,6000,6000,NoDiff,12000,19,,,
CL,Estimate,Combcd,,Avgp,ZW,ZW,1965,1,,27.7.h,28E1,NotApplicable,,,10194,,HuC,Lan,,,,,TBB_MOL_40-54_0_0,AttAcoustic,ZWMVZ,18-<24,,,26000,26000,NoDiff,52000,19,,,
CL,Estimate,Combcd,,Avgp,ZW,ZW,1965,1,,27.5.b.1.a,50D6,NotApplicable,,,100684,,HuC,Lan,,,,,GND_DEF_31-39_0_0,AttAcoustic,ZWMJW,Unknown,,,35000,35000,NoDiff,70000,16,,,
CL,Estimate,Combcd,,Avgp,ZW,ZW,1965,1,,27.10.a.2,04C0,NotApplicable,,,101519,,HuC,Lan,,,,,OTB_CRU_70-89_0_0,AttAcoustic,ZWMJW,40<,,,37000,37000,NoDiff,74000,6,,,
CL,Estimate,Combcd,,Avgp,ZW,ZW,1965,1,,27.8.d.1,23D9,NotApplicable,,,100930,,HuC,Lan,,,,,OTB_MCD_100-119_0_0,AttAcoustic,ZWKAB,12-<15,,,10000,10000,NoDiff,20000,8,,,
CL,Estimate,Combcd,,Avgp,ZW,ZW,1965,1,,27.6.b.1,45D3,NotApplicable,,,10193,,HuC,Lan,,,,,GND_DEF_<16_0_0,AttAcoustic,ZWGWE,40<,,,41000,41000,NoDiff,82000,7,,,
CL,Estimate,Combcd,,Avgp,ZW,ZW,1965,1,,27.4,-9,NotApplicable,,,1019159,,HuC,Lan,,,,,GTR_SPF_110-156_0_0,AttAcoustic,ZWKAB,10-<12,,,24000,24000,NoDiff,48000,5,,,
CL,Estimate,Combcd,,Avgp,ZW,ZW,1965,1,,27.8.d.2,23E2,NotApplicable,,,101013,,HuC,Lan,,,,,OTB_MCD_90-99_1_140,AttAcoustic,ZWBFO,40<,,,18000,18000,NoDiff,36000,15,,,
CL,Estimate,Combcd,,Avgp,ZW,ZW,1965,1,,27.2.a.2,58F8,NotApplicable,,,10211,,HuC,Lan,,,,,OTT_DEF_65-69_0_0,AttAcoustic,ZWBFO,10-<12,,,19000,19000,NoDiff,38000,23,,,
CL,Estimate,Combcd,,Avgp,ZW,ZW,1965,1,,27.14.a,78D3,NotApplicable,,,101167,,HuC,Lan,,,,,GND_DEF_>0_0_0,AttAcoustic,ZWCHJ,40<,,,7000,7000,NoDiff,14000,22,,,
CL,Estimate,Combcd,,Avgp,ZW,ZW,1965,1,,27.2.b.2,77D9,NotApplicable,,,101519,,HuC,Lan,,,,,LHM_FIF_0_0_0,AttAcoustic,ZWMJW,12-<15,,,9000,9000,NoDiff,18000,17,,,
CL,Estimate,Combcd,,Avgp,ZW,ZW,1965,1,,27.7.d,28E9,NotApplicable,,,101167,,HuC,Lan,,,,,GTR_CEP_100-119_0_0,AttAcoustic,ZWGWE,12-<15,,,17000,17000,NoDiff,34000,16,,,
CL,Estimate,Combcd,,Avgp,ZW,ZW,1965,1,,27.3.d.28.1,44H1,NotApplicable,,,10216,,HuC,Lan,,,,,GNS_CRU_31-49_0_0,AttAcoustic,ZWBZH,18-<24,,,49000,49000,NoDiff,98000,16,,,
CL,Estimate,Combcd,,Avgp,ZW,ZW,1965,1,,27.7.k,29D2,NotApplicable,,,1015724,,HuC,Lan,,,,,SDN_SPF_<16_0_0,AttAcoustic,ZWMVZ,15-<18,,,27000,27000,NoDiff,54000,23,,,
CL,Estimate,Combcd,,Avgp,ZW,ZW,1965,1,,27.14.b,47B3,NotApplicable,,,100930,,HuC,Lan,,,,,LLS_DEF_0_0_0,AttAcoustic,ZWGWE,10-<12,,,8000,8000,NoDiff,16000,10,,,
CL,Estimate,Combcd,,Avgp,ZW,ZW,1965,1,,27.12,-9,NotApplicable,,,101013,,HuC,Lan,,,,,PTB_CEP_32-39_0_0,AttAcoustic,ZWVFA,10-<12,,,24000,24000,NoDiff,48000,16,,,
CL,Estimate,Combcd,,Avgp,ZW,ZW,1965,1,,27.5.a.1,54C4,NotApplicable,,,1019159,,HuC,Lan,,,,,OTB_MCD_90-99_0_0,AttAcoustic,ZWBFO,10-<12,,,2000,2000,NoDiff,4000,7,,,
CL,Estimate,Combcd,,Avgp,ZW,ZW,1965,1,,27.14.b.1,51C1,NotApplicable,,,101174,,HuC,Lan,,,,,PTB_MPD_40-54_0_0,AttAcoustic,ZWKAB,18-<24,,,31000,31000,NoDiff,62000,8,,,
CL,Estimate,Combcd,,Avgp,ZW,ZW,1965,1,,27.14.a,78D1,NotApplicable,,,10193,,HuC,Lan,,,,,PS_SPF_90-99_0_0,AttAcoustic,ZWMJW,15-<18,,,40000,40000,NoDiff,80000,11,,,
CL,Estimate,Combcd,,Avgp,ZW,ZW,1965,1,,27.9.b.2,05D7,NotApplicable,,,10295,,HuC,Lan,,,,,TBB_CEP_<16_0_0,AttAcoustic,ZWKAB,<8,,,10000,10000,NoDiff,20000,11,,,
CL,Estimate,Combcd,,Avgp,ZW,ZW,1965,1,,27.5.b.1,-9,NotApplicable,,,100684,,HuC,Lan,,,,,OTM_DEF_100-119_0_0,AttAcoustic,ZWMJW,<8,,,10000,10000,NoDiff,20000,8,,,
CL,Estimate,Combcd,,Avgp,ZW,ZW,1965,1,,27.7.a,37E7,NotApplicable,,,101800,,HuC,Lan,,,,,PTB_DEF_100-119_1_180,AttAcoustic,ZWMVZ,12-<15,,,8000,8000,NoDiff,16000,8,,,
CL,Estimate,Combcd,,Avgp,ZW,ZW,1965,1,,27.5.a,59C8,NotApplicable,,,101,,HuC,Lan,,,,,OTM_SPF_70-99_0_0,AttAcoustic,ZWMVZ,8-<10,,,29000,29000,NoDiff,58000,13,,,
CL,Estimate,Combcd,,Avgp,ZW,ZW,1965,1,,27.3.d.30,50G9,NotApplicable,,,1019159,,HuC,Lan,,,,,OTT_CEP_>=120_0_0,AttAcoustic,ZWMJW,24-<40,,,23000,23000,NoDiff,46000,22,,,
CL,Estimate,Combcd,,Avgp,ZW,ZW,1965,1,,27.8.d,18E4,NotApplicable,,,100930,,HuC,Lan,,,,,SSC_DEF_70-89_0_0,AttAcoustic,ZWHRE,15-<18,,,15000,15000,NoDiff,30000,8,,,
CL,Estimate,Combcd,,Avgp,ZW,ZW,1965,1,,27.4,-9,NotApplicable,,,101798,,HuC,Lan,,,,,OTB_DEF_105-115_1_110,AttAcoustic,ZWCHJ,15-<18,,,21000,21000,NoDiff,42000,19,,,
CL,Estimate,Combcd,,Avgp,ZW,ZW,1965,1,,27,-9,NotApplicable,,,101519,,HuC,Lan,,,,,OTB_MCD_70-99_0_0,AttAcoustic,ZWBZH,10-<12,,,1000,1000,NoDiff,2000,21,,,
CL,Estimate,Combcd,,Avgp,ZW,ZW,1965,1,,27.3.d.29,-9,NotApplicable,,,100684,,HuC,Lan,,,,,OTM_CEP_70-99_0_0,AttAcoustic,ZWHWN,<8,,,38000,38000,NoDiff,76000,14,,,
CL,Estimate,Combcd,,Avgp,ZW,ZW,1965,1,,27.3.d.25,40G6,NotApplicable,,,10216,,HuC,Lan,,,,,GNS_LPF_120-219_0_0,AttAcoustic,ZWHWN,24-<40,,,18000,18000,NoDiff,36000,12,,,
CL,Estimate,Combcd,,Avgp,ZW,ZW,1965,1,,27.1.b,83M0,NotApplicable,,,100930,,HuC,Lan,,,,,PS_MPD_100-119_0_0,AttAcoustic,ZWMJW,<8,,,34000,34000,NoDiff,68000,15,,,
CL,Estimate,Combcd,,Avgp,ZW,ZW,1965,1,,27.8.d,19E3,NotApplicable,,,101174,,HuC,Lan,,,,,GND_CAT_120-219_0_0,AttAcoustic,ZWMVZ,8-<10,,,17000,17000,NoDiff,34000,14,,,
CL,Estimate,Combcd,,Avgp,ZW,ZW,1965,1,,27.7.c,37D6,NotApplicable,,,10306,,HuC,Lan,,,,,SDN_CEP_16-31_0_0,AttAcoustic,ZWWKI,15-<18,,,12000,12000,NoDiff,24000,23,,,
CL,Estimate,Combcd,,Avgp,ZW,ZW,1965,1,,27.2.b.1,76F4,NotApplicable,,,100684,,HuC,Lan,,,,,OTT_DEF_90-104_0_0,AttAcoustic,ZWBZH,40<,,,30000,30000,NoDiff,60000,13,,,
CL,Estimate,Combcd,,Avgp,ZW,ZW,1965,1,,27.8.b,20E9,NotApplicable,,,1015724,,HuC,Lan,,,,,GTR_FWS_>0_0_0,AttAcoustic,ZWBFO,10-<12,,,17000,17000,NoDiff,34000,17,,,
CL,Estimate,Combcd,,Avgp,ZW,ZW,1965,1,,27.8.d.2,20E3,NotApplicable,,,101,,HuC,Lan,,,,,SDN_SPF_90-99_0_0,AttAcoustic,ZWBZH,10-<12,,,20000,20000,NoDiff,40000,7,,,
CL,Estimate,Combcd,,Avgp,ZW,ZW,1965,1,,27.12,-9,NotApplicable,,,101170,,HuC,Lan,,,,,GND_DEF_90-99_0_0,AttAcoustic,ZWMVZ,10-<12,,,49000,49000,NoDiff,98000,10,,,
CL,Estimate,Combcd,,Avgp,ZW,ZW,1965,1,,27.7.f,31E6,NotApplicable,,,101380,,HuC,Lan,,,,,GNS_DEF_70-79_0_0,AttAcoustic,ZWBUQ,15-<18,,,30000,30000,NoDiff,60000,10,,,
CL,Estimate,Combcd,,Avgp,ZW,ZW,1965,1,,27.7.d,30F2,NotApplicable,,,10193,,HuC,Lan,,,,,OTB_MDD_65-69_0_0,AttAcoustic,ZWBZH,24-<40,,,12000,12000,NoDiff,24000,21,,,
CL,Estimate,Combcd,,Avgp,ZW,ZW,1965,1,,27,-9,NotApplicable,,,10211,,HuC,Lan,,,,,PTB_DEF_<16_0_0,AttAcoustic,ZWBFO,24-<40,,,25000,25000,NoDiff,50000,7,,,
CL,Estimate,Combcd,,Avgp,ZW,ZW,1965,1,,27.7.a,38E5,NotApplicable,,,101013,,HuC,Lan,,,,,SDN_MCF_65-69_0_0,AttAcoustic,ZWHWN,<8,,,16000,16000,NoDiff,32000,15,,,
CL,Estimate,Combcd,,Avgp,ZW,ZW,1965,1,,27.8.d,19E6,NotApplicable,,,1015724,,HuC,Lan,,,,,OTT_DEF_>0_0_0,AttAcoustic,ZWCHJ,Unknown,,,28000,28000,NoDiff,56000,7,,,
CL,Estimate,Combcd,,Avgp,ZW,ZW,1965,1,,27.8.e.2,20D7,NotApplicable,,,100684,,HuC,Lan,,,,,OTB_DWS_55-64_0_0,AttAcoustic,ZWMJW,<8,,,26000,26000,NoDiff,52000,15,,,
CL,Estimate,Combcd,,Avgp,ZW,ZW,1965,1,,27.3.d,-9,NotApplicable,,,1019159,,HuC,Lan,,,,,SDN_DEF_100-119_1_300,AttAcoustic,ZWBUQ,15-<18,,,45000,45000,NoDiff,90000,7,,,
CL,Estimate,Combcd,,Avgp,ZW,ZW,1965,1,,27.10.a.2,13C4,NotApplicable,,,10306,,HuC,Lan,,,,,OTT_DWS_65-69_0_0,AttAcoustic,ZWVFA,<8,,,5000,5000,NoDiff,10000,7,,,
CL,Estimate,Combcd,,Avgp,ZW,ZW,1965,1,,27.14.b.2,63B7,NotApplicable,,,101800,,HuC,Lan,,,,,OTB_DWS_70-89_0_0,AttAcoustic,ZWVFA,24-<40,,,25000,25000,NoDiff,50000,18,,,
CL,Estimate,Combcd,,Avgp,ZW,ZW,1965,1,,27.3.a.20,47F9,NotApplicable,,,101519,,HuC,Lan,,,,,PTM_DEF_32-39_0_0,AttAcoustic,ZWMVZ,24-<40,,,34000,34000,NoDiff,68000,19,,,
CL,Estimate,Combcd,,Avgp,ZW,ZW,1965,1,,27.3.d.32,49H5,NotApplicable,,,10295,,HuC,Lan,,,,,PTB_CRU_32-69_0_0,AttAcoustic,ZWKAB,18-<24,,,42000,42000,NoDiff,84000,9,,,
CL,Estimate,Combcd,,Avgp,ZW,ZW,1965,1,,27.14.a,84D6,NotApplicable,,,101174,,HuC,Lan,,,,,SSC_DEF_55-64_0_0,AttAcoustic,ZWKAB,15-<18,,,7000,7000,NoDiff,14000,11,,,
CL,Estimate,Combcd,,Avgp,ZW,ZW,1965,1,,27,-9,NotApplicable,,,10211,,HuC,Lan,,,,,PTB_MPD_55-64_0_0,AttAcoustic,ZWMVZ,12-<15,,,19000,19000,NoDiff,38000,18,,,
CL,Estimate,Combcd,,Avgp,ZW,ZW,1965,1,,27.9.b.1,-9,NotApplicable,,,10295,,HuC,Lan,,,,,TBB_CRU_70-99_0_0,AttAcoustic,ZWMVZ,12-<15,,,30000,30000,NoDiff,60000,7,,,
CL,Estimate,Combcd,,Avgp,ZW,ZW,1965,1,,27.10.a,13C0,NotApplicable,,,101,,HuC,Lan,,,,,SDN_SPF_32-39_0_0,AttAcoustic,ZWBUQ,12-<15,,,10000,10000,NoDiff,20000,7,,,
CL,Estimate,Combcd,,Avgp,ZW,ZW,1965,1,,27.3.d.30,50G9,NotApplicable,,,101,,HuC,Lan,,,,,PTB_DEF_90-99_0_0,AttAcoustic,ZWMJW,18-<24,,,32000,32000,NoDiff,64000,12,,,
CL,Estimate,Combcd,,Avgp,ZW,ZW,1965,1,,27.7.c.1,37D3,NotApplicable,,,100930,,HuC,Lan,,,,,OTT_DWS_>=120_0_0,AttAcoustic,ZWHRE,10-<12,,,8000,8000,NoDiff,16000,19,,,
CL,Estimate,Combcd,,Avgp,ZW,ZW,1965,1,,27.3.d.28.1,45H2,NotApplicable,,,10306,,HuC,Lan,,,,,PTB_MPD_40-54_0_0,AttAcoustic,ZWHWN,10-<12,,,34000,34000,NoDiff,68000,17,,,
CL,Estimate,Combcd,,Avgp,ZW,ZW,1965,1,,27.6.b.1,45D5,NotApplicable,,,101013,,HuC,Lan,,,,,OTB_CEP_70-99_0_0,AttAcoustic,ZWVFA,<8,,,10000,10000,NoDiff,20000,8,,,
CL,Estimate,Combcd,,Avgp,ZW,ZW,1965,1,,27.9.b.1,07D3,NotApplicable,,,10193,,HuC,Lan,,,,,GTR_CRU_50-59_0_0,AttAcoustic,ZWHWN,12-<15,,,43000,43000,NoDiff,86000,10,,,
CL,Estimate,Combcd,,Avgp,ZW,ZW,1965,1,,27.7.j.2,25E0,NotApplicable,,,100930,,HuC,Lan,,,,,GND_SPF_50-70_0_0,AttAcoustic,ZWKAB,18-<24,,,12000,12000,NoDiff,24000,16,,,
CL,Estimate,Combcd,,Avgp,ZW,ZW,1965,1,,27.14.b,48B6,NotApplicable,,,1015724,,HuC,Lan,,,,,PS_SPF_<14_0_0,AttAcoustic,ZWMJW,10-<12,,,24000,24000,NoDiff,48000,10,,,
CL,Estimate,Combcd,,Avgp,ZW,ZW,1965,1,,27.3.d.29,48H0,NotApplicable,,,101800,,HuC,Lan,,,,,GNS_SPF_110-156_0_0,AttAcoustic,ZWBZH,8-<10,,,34000,34000,NoDiff,68000,21,,,
CL,Estimate,Combcd,,Avgp,ZW,ZW,1965,1,,27.7.k.2,-9,NotApplicable,,,101,,HuC,Lan,,,,,OTB_CRU_32-69_2_22,AttAcoustic,ZWHRE,40<,,,24000,24000,NoDiff,48000,13,,,
CL,Estimate,Combcd,,Avgp,ZW,ZW,1965,1,,27.10.a.2,09B5,NotApplicable,,,101380,,HuC,Lan,,,,,LH_DWS_0_0_0,AttAcoustic,ZWCHJ,Unknown,,,24000,24000,NoDiff,48000,13,,,
CL,Estimate,Combcd,,Avgp,ZW,ZW,1965,1,,27.3.d.30,50H1,NotApplicable,,,101174,,HuC,Lan,,,,,PTB_DEF_100-119_1_180,AttAcoustic,ZWBUQ,12-<15,,,10000,10000,NoDiff,20000,4,,,
CL,Estimate,Combcd,,Avgp,ZW,ZW,1965,1,,27.5.b.1,-9,NotApplicable,,,10306,,HuC,Lan,,,,,OTB_SPF_105-115_1_110,AttAcoustic,ZWWKI,15-<18,,,11000,11000,NoDiff,22000,4,,,
CL,Estimate,Combcd,,Avgp,ZW,ZW,1965,1,,27.7.j.2,33E0,NotApplicable,,,10193,,HuC,Lan,,,,,GNS_LPF_120-219_0_0,AttAcoustic,ZWBFO,24-<40,,,49000,49000,NoDiff,98000,13,,,
CL,Estimate,Combcd,,Avgp,ZW,ZW,1965,1,,27.7.c,34D3,NotApplicable,,,101174,,HuC,Lan,,,,,PTB_DEF_90-99_1_120,AttAcoustic,ZWGWE,10-<12,,,40000,40000,NoDiff,80000,13,,,
CL,Estimate,Combcd,,Avgp,ZW,ZW,1965,1,,27.7.j.2,32D8,NotApplicable,,,10216,,HuC,Lan,,,,,OTB_MPD_70-99_0_0,AttAcoustic,ZWKAB,15-<18,,,2000,2000,NoDiff,4000,4,,,
CL,Estimate,Combcd,,Avgp,ZW,ZW,1965,1,,27.10.a,04D0,NotApplicable,,,101172,,HuC,Lan,,,,,PTM_DEF_100-119_0_0,AttAcoustic,ZWCHJ,8-<10,,,9000,9000,NoDiff,18000,10,,,
CL,Estimate,Combcd,,Avgp,ZW,ZW,1965,1,,27.7.e,28E4,NotApplicable,,,101798,,HuC,Lan,,,,,PS_SPF_16-31_0_0,AttAcoustic,ZWGWE,12-<15,,,5000,5000,NoDiff,10000,7,,,
CL,Estimate,Combcd,,Avgp,ZW,ZW,1965,1,,27.12.a.2,-9,NotApplicable,,,101380,,HuC,Lan,,,,,OTB_CRU_70-89_2_35,AttAcoustic,ZWMJW,10-<12,,,46000,46000,NoDiff,92000,5,,,
CL,Estimate,Combcd,,Avgp,ZW,ZW,1965,1,,27.3.d.31,60H3,NotApplicable,,,100684,,HuC,Lan,,,,,GND_SPF_70-79_0_0,AttAcoustic,ZWVFA,<8,,,26000,26000,NoDiff,52000,14,,,
CL,Estimate,Combcd,,Avgp,ZW,ZW,1965,1,,27.2,-9,NotApplicable,,,10295,,HuC,Lan,,,,,GTR_CEP_>0_0_0,AttAcoustic,ZWHRE,18-<24,,,35000,35000,NoDiff,70000,12,,,
CL,Estimate,Combcd,,Avgp,ZW,ZW,1965,1,,27.1.b,73K8,NotApplicable,,,10306,,HuC,Lan,,,,,FPO_ANA_>0_0_0,AttAcoustic,ZWBFO,Unknown,,,31000,31000,NoDiff,62000,12,,,
CL,Estimate,Combcd,,Avgp,ZW,ZW,1965,1,,27.8,-9,NotApplicable,,,101800,,HuC,Lan,,,,,PTB_SPF_70-89_0_0,AttAcoustic,ZWMVZ,8-<10,,,7000,7000,NoDiff,14000,13,,,
CL,Estimate,Combcd,,Avgp,ZW,ZW,1965,1,,27.5.b.1.b,49D8,NotApplicable,,,10216,,HuC,Lan,,,,,PTM_SPF_40-54_0_0,AttAcoustic,ZWMJW,Unknown,,,26000,26000,NoDiff,52000,21,,,
CL,Estimate,Combcd,,Avgp,ZW,ZW,1965,1,,27.5.b,49D6,NotApplicable,,,1015724,,HuC,Lan,,,,,GND_ANA_10-30_0_0,AttAcoustic,ZWHWN,<8,,,26000,26000,NoDiff,52000,23,,,
CL,Estimate,Combcd,,Avgp,ZW,ZW,1965,1,,27.5.b.1.b,52D6,NotApplicable,,,101798,,HuC,Lan,,,,,OTT_DEF_>=40_0_0,AttAcoustic,ZWKAB,40<,,,10000,10000,NoDiff,20000,11,,,
CL,Estimate,Combcd,,Avgp,ZW,ZW,1965,1,,27.7,-9,NotApplicable,,,101519,,HuC,Lan,,,,,SDN_DEF_90-99_1_120,AttAcoustic,ZWCHJ,18-<24,,,3000,3000,NoDiff,6000,19,,,
CL,Estimate,Combcd,,Avgp,ZW,ZW,1965,1,,27.3.d.28,-9,NotApplicable,,,1015724,,HuC,Lan,,,,,GNS_SPF_90-99_0_0,AttAcoustic,ZWUTA,40<,,,3000,3000,NoDiff,6000,19,,,
CL,Estimate,Combcd,,Avgp,ZW,ZW,1965,1,,27.7.j,32D9,NotApplicable,,,10211,,HuC,Lan,,,,,OTT_MCD_90-99_1_140,AttAcoustic,ZWVFA,<8,,,9000,9000,NoDiff,18000,17,,,
CL,Estimate,Combcd,,Avgp,ZW,ZW,1965,1,,27.7.a,37E5,NotApplicable,,,101380,,HuC,Lan,,,,,FOO_MOL_0_0_0,AttAcoustic,ZWWKI,Unknown,,,45000,45000,NoDiff,90000,4,,,
CL,Estimate,Combcd,,Avgp,ZW,ZW,1965,1,,27.7,-9,NotApplicable,,,10306,,HuC,Lan,,,,,OTT_MCD_100-119_2_35,AttAcoustic,ZWMVZ,15-<18,,,20000,20000,NoDiff,40000,17,,,
CL,Estimate,Combcd,,Avgp,ZW,ZW,1965,1,,27.8.d.1,24E0,NotApplicable,,,100930,,HuC,Lan,,,,,HMS_SWD_0_0_0,AttAcoustic,ZWBUQ,18-<24,,,15000,15000,NoDiff,30000,7,,,
CL,Estimate,Combcd,,Avgp,ZW,ZW,1965,1,,27.5.a.1,53C4,NotApplicable,,,101800,,HuC,Lan,,,,,GNS_FWS_>0_0_0,AttAcoustic,ZWBUQ,24-<40,,,31000,31000,NoDiff,62000,7,,,
CL,Estimate,Combcd,,Avgp,ZW,ZW,1965,1,,27.7.j.1,25D9,NotApplicable,,,10216,,HuC,Lan,,,,,TBB_CRU_65-69_0_0,AttAcoustic,ZWKAB,15-<18,,,27000,27000,NoDiff,54000,7,,,
CL,Estimate,Combcd,,Avgp,ZW,ZW,1965,1,,27.8.b,18E7,NotApplicable,,,101,,HuC,Lan,,,,,GNS_SPF_32-89_0_0,AttAcoustic,ZWBFO,18-<24,,,4000,4000,NoDiff,8000,17,,,
CL,Estimate,Combcd,,Avgp,ZW,ZW,1965,1,,27.3.d.27,43G7,NotApplicable,,,100930,,HuC,Lan,,,,,OTB_DEF_16-31_0_0,AttAcoustic,ZWMJW,24-<40,,,1000,1000,NoDiff,2000,4,,,
CL,Estimate,Combcd,,Avgp,ZW,ZW,1965,1,,27.8.b,15E8,NotApplicable,,,101,,HuC,Lan,,,,,PTB_CRU_90-99_1_300,AttAcoustic,ZWCHJ,18-<24,,,46000,46000,NoDiff,92000,12,,,
CL,Estimate,Combcd,,Avgp,ZW,ZW,1965,1,,27.3.a.20,47F9,NotApplicable,,,101519,,HuC,Lan,,,,,GTR_CEP_90-99_0_0,AttAcoustic,ZWKAB,8-<10,,,10000,10000,NoDiff,20000,5,,,
CL,Estimate,Combcd,,Avgp,ZW,ZW,1965,1,,27.2,-9,NotApplicable,,,10295,,HuC,Lan,,,,,OTM_MPD_>0_0_0,AttAcoustic,ZWBFO,Unknown,,,10000,10000,NoDiff,20000,8,,,
CL,Estimate,Combcd,,Avgp,ZW,ZW,1965,1,,27.14.a,96C8,NotApplicable,,,10193,,HuC,Lan,,,,,SSC_DEF_115-120_3_115,AttAcoustic,ZWWKI,10-<12,,,14000,14000,NoDiff,28000,8,,,
CL,Estimate,Combcd,,Avgp,ZW,ZW,1965,1,,27.5.b,54E3,NotApplicable,,,101013,,HuC,Lan,,,,,PS_MPD_70-99_0_0,AttAcoustic,ZWMJW,18-<24,,,27000,27000,NoDiff,54000,20,,,
CL,Estimate,Combcd,,Avgp,ZW,ZW,1965,1,,27.14.b,54B1,NotApplicable,,,10216,,HuC,Lan,,,,,PTM_DEF_70-99_0_0,AttAcoustic,ZWUTA,<8,,,49000,49000,NoDiff,98000,12,,,
CL,Estimate,Combcd,,Avgp,ZW,ZW,1965,1,,27.3.d.24,36G3,NotApplicable,,,10211,,HuC,Lan,,,,,OTM_SPF_40-54_0_0,AttAcoustic,ZWBZH,<8,,,49000,49000,NoDiff,98000,4,,,
CL,Estimate,Combcd,,Avgp,ZW,ZW,1965,1,,27.5.a.1,53C5,NotApplicable,,,101800,,HuC,Lan,,,,,OTM_CEP_<16_0_0,AttAcoustic,ZWGWE,24-<40,,,28000,28000,NoDiff,56000,10,,,
CL,Estimate,Combcd,,Avgp,ZW,ZW,1965,1,,27.3.d.32,50H8,NotApplicable,,,10194,,HuC,Lan,,,,,GND_SPF_31-39_0_0,AttAcoustic,ZWMVZ,15-<18,,,28000,28000,NoDiff,56000,22,,,
CL,Estimate,Combcd,,Avgp,ZW,ZW,1965,1,,27.10,-9,NotApplicable,,,101174,,HuC,Lan,,,,,OTM_CEP_>0_0_0,AttAcoustic,ZWKAB,18-<24,,,16000,16000,NoDiff,32000,13,,,
CL,Estimate,Combcd,,Avgp,ZW,ZW,1965,1,,27.5.a.1,-9,NotApplicable,,,101013,,HuC,Lan,,,,,OTB_CEP_90-99_0_0,AttAcoustic,ZWGWE,Unknown,,,23000,23000,NoDiff,46000,7,,,
CL,Estimate,Combcd,,Avgp,ZW,ZW,1965,1,,27.3.d.26,39H0,NotApplicable,,,101167,,HuC,Lan,,,,,GTN_DEF_>0_0_0,AttAcoustic,ZWVFA,12-<15,,,39000,39000,NoDiff,78000,20,,,
CL,Estimate,Combcd,,Avgp,ZW,ZW,1965,1,,27.7.e,28E3,NotApplicable,,,101167,,HuC,Lan,,,,,GNS_SPF_100-119_0_0,AttAcoustic,ZWVFA,12-<15,,,25000,25000,NoDiff,50000,16,,,
CL,Estimate,Combcd,,Avgp,ZW,ZW,1965,1,,27.2.a.2,64E1,NotApplicable,,,101519,,HuC,Lan,,,,,OTT_MOL_16-31_0_0,AttAcoustic,ZWVFA,10-<12,,,2000,2000,NoDiff,4000,12,,,
CL,Estimate,Combcd,,Avgp,ZW,ZW,1965,1,,27.2.a.2,61F9,NotApplicable,,,101380,,HuC,Lan,,,,,TBB_DEF_70-89_0_0,AttAcoustic,ZWUTA,15-<18,,,29000,29000,NoDiff,58000,23,,,
CL,Estimate,Combcd,,Avgp,ZW,ZW,1965,1,,27.3.d,-9,NotApplicable,,,1019159,,HuC,Lan,,,,,PS_SPF_90-104_0_0,AttAcoustic,ZWWKI,15-<18,,,34000,34000,NoDiff,68000,20,,,
CL,Estimate,Combcd,,Avgp,ZW,ZW,1965,1,,27.6.b.2,41D7,NotApplicable,,,101172,,HuC,Lan,,,,,TBB_MCD_<16_0_0,AttAcoustic,ZWGWE,24-<40,,,35000,35000,NoDiff,70000,18,,,
CL,Estimate,Combcd,,Avgp,ZW,ZW,1965,1,,27.6.a,40E5,NotApplicable,,,101380,,HuC,Lan,,,,,OTB_DEF_90-99_4_35,AttAcoustic,ZWGWE,40<,,,42000,42000,NoDiff,84000,23,,,
CL,Estimate,Combcd,,Avgp,ZW,ZW,1965,1,,27.3.a,-9,NotApplicable,,,10211,,HuC,Lan,,,,,PTB_CEP_16-31_0_0,AttAcoustic,ZWKAB,40<,,,31000,31000,NoDiff,62000,14,,,
CL,Estimate,Combcd,,Avgp,ZW,ZW,1965,1,,27.2.a.1,63E8,NotApplicable,,,101,,HuC,Lan,,,,,GTN_DEF_40-49_0_0,AttAcoustic,ZWUTA,10-<12,,,50000,50000,NoDiff,100000,5,,,
CL,Estimate,Combcd,,Avgp,ZW,ZW,1965,1,,27.8.b,15E8,NotApplicable,,,101172,,HuC,Lan,,,,,OTT_MOL_55-64_0_0,AttAcoustic,ZWVFA,24-<40,,,4000,4000,NoDiff,8000,4,,,
CL,Estimate,Combcd,,Avgp,ZW,ZW,1965,1,,27.6.b.2,43D7,NotApplicable,,,10295,,HuC,Lan,,,,,OTB_CRU_100-119_1_270,AttAcoustic,ZWGWE,40<,,,11000,11000,NoDiff,22000,9,,,
CL,Estimate,Combcd,,Avgp,ZW,ZW,1965,1,,27.7.j.2,-9,NotApplicable,,,101013,,HuC,Lan,,,,,GNS_CRU_90-99_0_0,AttAcoustic,ZWMJW,8-<10,,,45000,45000,NoDiff,90000,13,,,
CL,Estimate,Combcd,,Avgp,ZW,ZW,1965,1,,27.7.d,29F0,NotApplicable,,,101380,,HuC,Lan,,,,,MIS_MPD_0_0_0,AttAcoustic,ZWHWN,10-<12,,,27000,27000,NoDiff,54000,15,,,
CL,Estimate,Combcd,,Avgp,ZW,ZW,1965,1,,27.7.a,36E5,NotApplicable,,,10194,,HuC,Lan,,,,,TBB_DEF_>=120_0_0,AttAcoustic,ZWCHJ,Unknown,,,19000,19000,NoDiff,38000,22,,,
CL,Estimate,Combcd,,Avgp,ZW,ZW,1965,1,,27.7.g,29E2,NotApplicable,,,100684,,HuC,Lan,,,,,LTL_LPF_0_0_0,AttAcoustic,ZWBFO,8-<10,,,11000,11000,NoDiff,22000,20,,,
CL,Estimate,Combcd,,Avgp,ZW,ZW,1965,1,,27.7.c.1,34D2,NotApplicable,,,101800,,HuC,Lan,,,,,OTM_SPF_14-19_0_0,AttAcoustic,ZWBUQ,15-<18,,,1000,1000,NoDiff,2000,6,,,
CL,Estimate,Combcd,,Avgp,ZW,ZW,1965,1,,27.10.a.1,06D0,NotApplicable,,,101167,,HuC,Lan,,,,,PTM_FWS_>0_0_0,AttAcoustic,ZWMVZ,18-<24,,,40000,40000,NoDiff,80000,10,,,
CL,Estimate,Combcd,,Avgp,ZW,ZW,1965,1,,27.6.b.1,47D2,NotApplicable,,,101800,,HuC,Lan,,,,,PS_DEF_<16_0_0,AttAcoustic,ZWHWN,18-<24,,,5000,5000,NoDiff,10000,15,,,
CL,Estimate,Combcd,,Avgp,ZW,ZW,1965,1,,27.3.d.28.2,44G9,NotApplicable,,,101170,,HuC,Lan,,,,,GTR_DEF_10-30_0_0,AttAcoustic,ZWHWN,15-<18,,,37000,37000,NoDiff,74000,4,,,
CL,Estimate,Combcd,,Avgp,ZW,ZW,1965,1,,27.8.e.2,19D7,NotApplicable,,,101380,,HuC,Lan,,,,,OTT_MOL_90-99_4_35,AttAcoustic,ZWCHJ,40<,,,4000,4000,NoDiff,8000,11,,,
CL,Estimate,Combcd,,Avgp,ZW,ZW,1965,1,,27.12.a.1,43C2,NotApplicable,,,101170,,HuC,Lan,,,,,DIV_DES_0_0_0,AttAcoustic,ZWHRE,18-<24,,,45000,45000,NoDiff,90000,21,,,
CL,Estimate,Combcd,,Avgp,ZW,ZW,1965,1,,27.8.e.2,16D7,NotApplicable,,,101800,,HuC,Lan,,,,,GNS_CRU_100-119_0_0,AttAcoustic,ZWBFO,Unknown,,,17000,17000,NoDiff,34000,6,,,
CL,Estimate,Combcd,,Avgp,ZW,ZW,1965,1,,27.2.a,64G2,NotApplicable,,,101800,,HuC,Lan,,,,,PS_MPD_>=120_0_0,AttAcoustic,ZWWKI,15-<18,,,8000,8000,NoDiff,16000,13,,,
CL,Estimate,Combcd,,Avgp,ZW,ZW,1965,1,,27.6,-9,NotApplicable,,,10295,,HuC,Lan,,,,,OTB_DEF_90-99_1_180,AttAcoustic,ZWVFA,15-<18,,,21000,21000,NoDiff,42000,4,,,
CL,Estimate,Combcd,,Avgp,ZW,ZW,1965,1,,27.8.a,21E6,NotApplicable,,,100930,,HuC,Lan,,,,,OTT_MOL_100-119_2_35,AttAcoustic,ZWUTA,24-<40,,,41000,41000,NoDiff,82000,7,,,
CL,Estimate,Combcd,,Avgp,ZW,ZW,1965,1,,27.12.a.2,49D1,NotApplicable,,,100684,,HuC,Lan,,,,,SDN_CEP_90-99_0_0,AttAcoustic,ZWBZH,Unknown,,,24000,24000,NoDiff,48000,20,,,
CL,Estimate,Combcd,,Avgp,ZW,ZW,1965,1,,27.10.a.2,03C5,NotApplicable,,,101174,,HuC,Lan,,,,,GTR_CEP_90-99_0_0,AttAcoustic,ZWMJW,40<,,,2000,2000,NoDiff,4000,16,,,
CL,Estimate,Combcd,,Avgp,ZW,ZW,1965,1,,27.7.j.2,32D9,NotApplicable,,,10194,,HuC,Lan,,,,,PS_LPF_70-99_0_0,AttAcoustic,ZWGWE,15-<18,,,49000,49000,NoDiff,98000,13,,,
CL,Estimate,Combcd,,Avgp,ZW,ZW,1965,1,,27.4.c,35F2,NotApplicable,,,101172,,HuC,Lan,,,,,GNS_DEF_>=220_0_0,AttAcoustic,ZWBZH,24-<40,,,48000,48000,NoDiff,96000,12,,,
CL,Estimate,Combcd,,Avgp,ZW,ZW,1965,1,,27.4,-9,NotApplicable,,,101174,,HuC,Lan,,,,,PTB_SPF_40-54_0_0,AttAcoustic,ZWMVZ,Unknown,,,1000,1000,NoDiff,2000,6,,,
CL,Estimate,Combcd,,Avgp,ZW,ZW,1965,1,,27.3.d,-9,NotApplicable,,,101174,,HuC,Lan,,,,,OTB_MCD_90-99_1_140,AttAcoustic,ZWMVZ,Unknown,,,22000,22000,NoDiff,44000,15,,,
CL,Estimate,Combcd,,Avgp,ZW,ZW,1965,1,,27.7.c,36D2,NotApplicable,,,101800,,HuC,Lan,,,,,OTB_MCD_70-89_0_0,AttAcoustic,ZWGWE,<8,,,19000,19000,NoDiff,38000,8,,,
CL,Estimate,Combcd,,Avgp,ZW,ZW,1965,1,,27.10.a.1,02B3,NotApplicable,,,101013,,HuC,Lan,,,,,GNS_DEF_<16_0_0,AttAcoustic,ZWCHJ,8-<10,,,29000,29000,NoDiff,58000,16,,,
CL,Estimate,Combcd,,Avgp,ZW,ZW,1965,1,,27.2.b,98E9,NotApplicable,,,101170,,HuC,Lan,,,,,OTB_DEF_100-119_1_140,AttAcoustic,ZWGWE,12-<15,,,9000,9000,NoDiff,18000,10,,,
CL,Estimate,Combcd,,Avgp,ZW,ZW,1965,1,,27.10.a.2,03C3,NotApplicable,,,101170,,HuC,Lan,,,,,PTM_LPF_16-31_0_0,AttAcoustic,ZWCHJ,15-<18,,,48000,48000,NoDiff,96000,12,,,
CL,Estimate,Combcd,,Avgp,ZW,ZW,1965,1,,27.8.b,19E7,NotApplicable,,,101380,,HuC,Lan,,,,,GTR_CRU_70-79_0_0,AttAcoustic,ZWBFO,18-<24,,,17000,17000,NoDiff,34000,18,,,
CL,Estimate,Combcd,,Avgp,ZW,ZW,1965,1,,27.5.b.1.b,51E3,NotApplicable,,,100930,,HuC,Lan,,,,,OTB_SPF_105-115_1_120,AttAcoustic,ZWCHJ,15-<18,,,44000,44000,NoDiff,88000,12,,,
CL,Estimate,Combcd,,Avgp,ZW,ZW,1965,1,,27.9.b,10D5,NotApplicable,,,10295,,HuC,Lan,,,,,GTR_CEP_>=220_0_0,AttAcoustic,ZWBUQ,24-<40,,,3000,3000,NoDiff,6000,7,,,
CL,Estimate,Combcd,,Avgp,ZW,ZW,1965,1,,27.5.b.2,49E0,NotApplicable,,,1019159,,HuC,Lan,,,,,PTB_CRU_90-99_1_120,AttAcoustic,ZWGWE,40<,,,7000,7000,NoDiff,14000,15,,,
CL,Estimate,Combcd,,Avgp,ZW,ZW,1965,1,,27.12,-9,NotApplicable,,,101380,,HuC,Lan,,,,,GNS_SPF_120-219_0_0,AttAcoustic,ZWKAB,15-<18,,,41000,41000,NoDiff,82000,13,,,
CL,Estimate,Combcd,,Avgp,ZW,ZW,1965,1,,27.5.a.2,55D1,NotApplicable,,,101174,,HuC,Lan,,,,,GTR_SPF_>=157_0_0,AttAcoustic,ZWWKI,40<,,,23000,23000,NoDiff,46000,9,,,
CL,Estimate,Combcd,,Avgp,ZW,ZW,1965,1,,27.14.b.2,60B9,NotApplicable,,,10211,,HuC,Lan,,,,,OTT_MOL_65-69_0_0,AttAcoustic,ZWKAB,18-<24,,,40000,40000,NoDiff,80000,14,,,
CL,Estimate,Combcd,,Avgp,ZW,ZW,1965,1,,27.8,-9,NotApplicable,,,100930,,HuC,Lan,,,,,GNS_ANA_90-109_0_0,AttAcoustic,ZWWKI,18-<24,,,34000,34000,NoDiff,68000,20,,,
CL,Estimate,Combcd,,Avgp,ZW,ZW,1965,1,,27.7.a,37E3,NotApplicable,,,101,,HuC,Lan,,,,,OTT_MOL_>0_0_0,AttAcoustic,ZWVFA,<8,,,47000,47000,NoDiff,94000,16,,,
CL,Estimate,Combcd,,Avgp,ZW,ZW,1965,1,,27.7,-9,NotApplicable,,,10211,,HuC,Lan,,,,,OTT_MOL_70-99_0_0,AttAcoustic,ZWCHJ,Unknown,,,39000,39000,NoDiff,78000,16,,,
CL,Estimate,Combcd,,Avgp,ZW,ZW,1965,1,,27.9,-9,NotApplicable,,,101174,,HuC,Lan,,,,,OTB_CRU_40-54_0_0,AttAcoustic,ZWHRE,15-<18,,,37000,37000,NoDiff,74000,18,,,
CL,Estimate,Combcd,,Avgp,ZW,ZW,1965,1,,27.14.b.1,49B8,NotApplicable,,,10193,,HuC,Lan,,,,,OTT_CRU_90-99_1_180,AttAcoustic,ZWVFA,18-<24,,,23000,23000,NoDiff,46000,6,,,
CL,Estimate,Combcd,,Avgp,ZW,ZW,1965,1,,27.2.a.1,62E4,NotApplicable,,,10295,,HuC,Lan,,,,,PS_LPF_<14_0_0,AttAcoustic,ZWCHJ,<8,,,43000,43000,NoDiff,86000,19,,,
CL,Estimate,Combcd,,Avgp,ZW,ZW,1965,1,,27.7.d,29E9,NotApplicable,,,10216,,HuC,Lan,,,,,SDN_SPF_65-69_0_0,AttAcoustic,ZWBZH,8-<10,,,48000,48000,NoDiff,96000,16,,,
CL,Estimate,Combcd,,Avgp,ZW,ZW,1965,1,,27.9.b.2,12D6,NotApplicable,,,1019159,,HuC,Lan,,,,,OTT_DEF_32-39_0_0,AttAcoustic,ZWWKI,15-<18,,,26000,26000,NoDiff,52000,4,,,
CL,Estimate,Combcd,,Avgp,ZW,ZW,1965,1,,27.9.b,13D4,NotApplicable,,,10306,,HuC,Lan,,,,,OTB_MCD_100-119_0_0,AttAcoustic,ZWWKI,<8,,,30000,30000,NoDiff,60000,17,,,
CL,Estimate,Combcd,,Avgp,ZW,ZW,1965,1,,27,-9,NotApplicable,,,1015724,,HuC,Lan,,,,,PTB_MPD_100-119_0_0,AttAcoustic,ZWBZH,12-<15,,,8000,8000,NoDiff,16000,18,,,
CL,Estimate,Combcd,,Avgp,ZW,ZW,1965,1,,27.8.e.1,19D5,NotApplicable,,,10194,,HuC,Lan,,,,,PS_MPD_55-64_0_0,AttAcoustic,ZWBZH,<8,,,34000,34000,NoDiff,68000,23,,,
CL,Estimate,Combcd,,Avgp,ZW,ZW,1965,1,,27.5.b.1,-9,NotApplicable,,,100930,,HuC,Lan,,,,,GNS_DEF_>=157_0_0,AttAcoustic,ZWBUQ,15-<18,,,29000,29000,NoDiff,58000,6,,,
CL,Estimate,Combcd,,Avgp,ZW,ZW,1965,1,,27.3.c.22,37G0,NotApplicable,,,101,,HuC,Lan,,,,,TBB_CRU_>0_0_0,AttAcoustic,ZWWKI,10-<12,,,50000,50000,NoDiff,100000,14,,,
CL,Estimate,Combcd,,Avgp,ZW,ZW,1965,1,,27.14,-9,NotApplicable,,,10193,,HuC,Lan,,,,,OTB_DEF_>=120_3_120,AttAcoustic,ZWHRE,8-<10,,,30000,30000,NoDiff,60000,5,,,
CL,Estimate,Combcd,,Avgp,ZW,ZW,1965,1,,27.12.a.4,52D3,NotApplicable,,,101013,,HuC,Lan,,,,,SDN_MCF_100-119_0_0,AttAcoustic,ZWWKI,24-<40,,,13000,13000,NoDiff,26000,10,,,
CL,Estimate,Combcd,,Avgp,ZW,ZW,1965,1,,27.3.d.28,-9,NotApplicable,,,10306,,HuC,Lan,,,,,OTB_MOL_40-54_0_0,AttAcoustic,ZWBFO,10-<12,,,33000,33000,NoDiff,66000,16,,,
CL,Estimate,Combcd,,Avgp,ZW,ZW,1965,1,,27.3.a.20,44G1,NotApplicable,,,101519,,HuC,Lan,,,,,OTM_DEF_40-54_0_0,AttAcoustic,ZWHWN,40<,,,31000,31000,NoDiff,62000,22,,,
CL,Estimate,Combcd,,Avgp,ZW,ZW,1965,1,,27.3.d.27,48G8,NotApplicable,,,100930,,HuC,Lan,,,,,OTB_CRU_90-99_1_120,AttAcoustic,ZWGWE,24-<40,,,12000,12000,NoDiff,24000,12,,,
CL,Estimate,Combcd,,Avgp,ZW,ZW,1965,1,,27.12.a,41B0,NotApplicable,,,101013,,HuC,Lan,,,,,GND_ANA_31-39_0_0,AttAcoustic,ZWMJW,40<,,,31000,31000,NoDiff,62000,7,,,
CL,Estimate,Combcd,,Avgp,ZW,ZW,1965,1,,27.3.a,-9,NotApplicable,,,10194,,HuC,Lan,,,,,GNS_DEF_>=157_0_0,AttAcoustic,ZWCHJ,18-<24,,,43000,43000,NoDiff,86000,17,,,
CL,Estimate,Combcd,,Avgp,ZW,ZW,1965,1,,27.12.c,28C7,NotApplicable,,,10306,,HuC,Lan,,,,,OTT_MOL_100-119_0_0,AttAcoustic,ZWWKI,24-<40,,,21000,21000,NoDiff,42000,20,,,
CL,Estimate,Combcd,,Avgp,ZW,ZW,1965,1,,27.10.a,04B2,NotApplicable,,,100930,,HuC,Lan,,,,,GNS_DEF_50-59_0_0,AttAcoustic,ZWHWN,24-<40,,,32000,32000,NoDiff,64000,15,,,
CL,Estimate,Combcd,,Avgp,ZW,ZW,1965,1,,27.14.b.1,48B9,NotApplicable,,,101519,,HuC,Lan,,,,,TBB_CEP_32-39_0_0,AttAcoustic,ZWBFO,12-<15,,,11000,11000,NoDiff,22000,14,,,
CL,Estimate,Combcd,,Avgp,ZW,ZW,1965,1,,27.2.b.1,79F1,NotApplicable,,,10295,,HuC,Lan,,,,,GTR_DEF_>=16_0_0,AttAcoustic,ZWBUQ,12-<15,,,44000,44000,NoDiff,88000,8,,,
CL,Estimate,Combcd,,Avgp,ZW,ZW,1965,1,,27.8.d.2,21E3,NotApplicable,,,101380,,HuC,Lan,,,,,SSC_DEF_90-99_1_140,AttAcoustic,ZWVFA,8-<10,,,4000,4000,NoDiff,8000,4,,,
CL,Estimate,Combcd,,Avgp,ZW,ZW,1965,1,,27.7.c.1,-9,NotApplicable,,,1019159,,HuC,Lan,,,,,FPO_CEP_>0_0_0,AttAcoustic,ZWGWE,18-<24,,,50000,50000,NoDiff,100000,20,,,
CL,Estimate,Combcd,,Avgp,ZW,ZW,1965,1,,27.14.b.2,52A0,NotApplicable,,,10306,,HuC,Lan,,,,,OTB_CRU_90-99_4_35,AttAcoustic,ZWMJW,40<,,,1000,1000,NoDiff,2000,22,,,
CL,Estimate,Combcd,,Avgp,ZW,ZW,1965,1,,27.9.b.1,08D6,NotApplicable,,,101,,HuC,Lan,,,,,TBB_CRU_32-39_0_0,AttAcoustic,ZWBUQ,15-<18,,,30000,30000,NoDiff,60000,15,,,
CL,Estimate,Combcd,,Avgp,ZW,ZW,1965,1,,27.8.d,23E1,NotApplicable,,,10216,,HuC,Lan,,,,,OTM_MPD_<14_0_0,AttAcoustic,ZWVFA,10-<12,,,47000,47000,NoDiff,94000,16,,,
CL,Estimate,Combcd,,Avgp,ZW,ZW,1965,1,,27.3.d.30,53G7,NotApplicable,,,101798,,HuC,Lan,,,,,PTM_DEF_16-31_0_0,AttAcoustic,ZWCHJ,Unknown,,,24000,24000,NoDiff,48000,17,,,
CL,Estimate,Combcd,,Avgp,ZW,ZW,1965,1,,27.5.b.2,51E2,NotApplicable,,,100684,,HuC,Lan,,,,,GNS_DWS_10-30_0_0,AttAcoustic,ZWHRE,Unknown,,,43000,43000,NoDiff,86000,7,,,
CL,Estimate,Combcd,,Avgp,ZW,ZW,1965,1,,27.2.b.2,80H8,NotApplicable,,,101167,,HuC,Lan,,,,,OTT_MOL_32-39_0_0,AttAcoustic,ZWHRE,12-<15,,,15000,15000,NoDiff,30000,10,,,
CL,Estimate,Combcd,,Avgp,ZW,ZW,1965,1,,27.7.a,32E5,NotApplicable,,,10306,,HuC,Lan,,,,,SDN_CEP_55-64_0_0,AttAcoustic,ZWHRE,12-<15,,,3000,3000,NoDiff,6000,11,,,
CL,Estimate,Combcd,,Avgp,ZW,ZW,1965,1,,27.8.e,21D3,NotApplicable,,,101380,,HuC,Lan,,,,,PTB_DEF_>=120_0_0,AttAcoustic,ZWBUQ,18-<24,,,21000,21000,NoDiff,42000,9,,,
CL,Estimate,Combcd,,Avgp,ZW,ZW,1965,1,,27.12.a.1,50C3,NotApplicable,,,101170,,HuC,Lan,,,,,GNS_DWS_100-119_0_0,AttAcoustic,ZWVFA,15-<18,,,18000,18000,NoDiff,36000,10,,,
CL,Estimate,Combcd,,Avgp,ZW,ZW,1965,1,,27.2,-9,NotApplicable,,,101170,,HuC,Lan,,,,,TBB_DEF_40-54_0_0,AttAcoustic,ZWWKI,18-<24,,,50000,50000,NoDiff,100000,23,,,
CL,Estimate,Combcd,,Avgp,ZW,ZW,1965,1,,27,-9,NotApplicable,,,10211,,HuC,Lan,,,,,OTM_MPD_14-19_0_0,AttAcoustic,ZWBUQ,24-<40,,,38000,38000,NoDiff,76000,21,,,
CL,Estimate,Combcd,,Avgp,ZW,ZW,1965,1,,27.9.b.1,11D6,NotApplicable,,,10194,,HuC,Lan,,,,,OTT_CEP_100-119_0_0,AttAcoustic,ZWKAB,10-<12,,,49000,49000,NoDiff,98000,9,,,
CL,Estimate,Combcd,,Avgp,ZW,ZW,1965,1,,27.12.a.3,42A3,NotApplicable,,,1019159,,HuC,Lan,,,,,TBB_MOL_>0_0_0,AttAcoustic,ZWUTA,15-<18,,,17000,17000,NoDiff,34000,6,,,
CL,Estimate,Combcd,,Avgp,ZW,ZW,1965,1,,27.8.d,23E3,NotApplicable,,,10295,,HuC,Lan,,,,,GNS_SPF_80-89_0_0,AttAcoustic,ZWHWN,<8,,,37000,37000,NoDiff,74000,19,,,
CL,Estimate,Combcd,,Avgp,ZW,ZW,1965,1,,27.8,-9,NotApplicable,,,101167,,HuC,Lan,,,,,GTR_DEF_10-30_0_0,AttAcoustic,ZWBZH,15-<18,,,29000,29000,NoDiff,58000,15,,,
